<?xml version="1.0" encoding="UTF-8"?>
<metadata modelVersion="1.1.0">
  <groupId>org.onap.aai.schema-service</groupId>
  <artifactId>aai-schema-gen</artifactId>
  <version>1.8.7-SNAPSHOT</version>
  <versioning>
    <snapshot>
      <timestamp>20220902.103030</timestamp>
      <buildNumber>1</buildNumber>
    </snapshot>
    <lastUpdated>20220902103030</lastUpdated>
    <snapshotVersions>
      <snapshotVersion>
        <extension>jar</extension>
        <value>1.8.7-20220902.103030-1</value>
        <updated>20220902103030</updated>
      </snapshotVersion>
      <snapshotVersion>
        <extension>pom</extension>
        <value>1.8.7-20220902.103030-1</value>
        <updated>20220902103030</updated>
      </snapshotVersion>
    </snapshotVersions>
  </versioning>
</metadata>
