<?xml version="1.0" encoding="UTF-8"?>
<metadata modelVersion="1.1.0">
  <groupId>in.utl.noa</groupId>
  <artifactId>noa-netconf-sb</artifactId>
  <version>0.0.1-SNAPSHOT</version>
  <versioning>
    <snapshot>
      <timestamp>20220903.062442</timestamp>
      <buildNumber>1</buildNumber>
    </snapshot>
    <lastUpdated>20220903062442</lastUpdated>
    <snapshotVersions>
      <snapshotVersion>
        <extension>jar</extension>
        <value>0.0.1-20220903.062442-1</value>
        <updated>20220903062442</updated>
      </snapshotVersion>
      <snapshotVersion>
        <extension>pom</extension>
        <value>0.0.1-20220903.062442-1</value>
        <updated>20220903062442</updated>
      </snapshotVersion>
    </snapshotVersions>
  </versioning>
</metadata>
