{
    "controller":{
        "restoreDirectoryPath":"./clustered-datastore-restore",
        "maxDataBrokerFutureCallbackQueueSize":1000,
        "maxDataBrokerFutureCallbackPoolSize":10,
        "metricCaptureEnabled":false,
        "mailboxCapacity":1000,
        "moduleShardsConfig": "configuration/initial/module-shards.conf",
        "modulesConfig": "configuration/initial/modules.conf",
        "domNotificationRouterConfig":{
            "queueDepth":65536,
            "spinTime":0,
            "parkTime":0,
            "unit":"MILLISECONDS"
        },
        "actorSystemConfig":{
            "akkaConfigPath":"singlenode/akka-default.conf",
            "factoryAkkaConfigPath":"singlenode/factory-akka-default.conf"
        },
        "schemaServiceConfig":{
            "topLevelModels":[
                { "nameSpace": "urn:opendaylight:inventory", "name": "opendaylight-inventory", "revision": "2013-08-19" },
                { "nameSpace": "urn:opendaylight:async-config:service", "name": "sal-async-config", "revision": "2017-06-19" },
                { "nameSpace": "urn:opendaylight:action:types", "name": "opendaylight-action-types", "revision": "2013-11-12" },
                { "nameSpace": "urn:opendaylight:arbitrary:bitmask:fields", "name": "opendaylight-arbitrary-bitmask-fields", "revision": "2016-01-30" },
                { "nameSpace": "urn:opendaylight:group:types", "name": "opendaylight-group-types", "revision": "2013-10-18" },
                { "nameSpace": "urn:opendaylight:meter:types", "name": "opendaylight-meter-types", "revision": "2013-09-18" },
                { "nameSpace": "urn:opendaylight:model:match:types", "name": "opendaylight-match-types", "revision": "2013-10-26" },
                { "nameSpace": "urn:opendaylight:multipart:types", "name": "opendaylight-multipart-types", "revision": "2017-01-12" },
                { "nameSpace": "urn:opendaylight:opendaylight-ipv6-arbitrary-bitmask-fields", "name": "opendaylight-ipv6-arbitrary-bitmask-fields", "revision": "2016-02-24" },
                { "nameSpace": "urn:opendaylight:table:types", "name": "opendaylight-table-types", "revision": "2013-10-26" },
                { "nameSpace": "urn:opendaylight:echo:service", "name": "sal-echo", "revision": "2015-03-05" },
                { "nameSpace": "urn:opendaylight:flat-batch:service", "name": "sal-flat-batch", "revision": "2016-03-21" },
                { "nameSpace": "urn:opendaylight:group:service", "name": "sal-group", "revision": "2013-09-18" },
                { "nameSpace": "urn:opendaylight:groups:service", "name": "sal-groups-batch", "revision": "2016-03-15" },
                { "nameSpace": "urn:opendaylight:meter:service", "name": "sal-meter", "revision": "2013-09-18" },
                { "nameSpace": "urn:opendaylight:meters:service", "name": "sal-meters-batch", "revision": "2016-03-16" },
                { "nameSpace": "urn:opendaylight:module:config", "name": "node-config", "revision": "2014-10-15" },
                { "nameSpace": "urn:opendaylight:node:error:service", "name": "node-error", "revision": "2014-04-10" },
                { "nameSpace": "urn:opendaylight:port:service", "name": "sal-port", "revision": "2013-11-07" },
                { "nameSpace": "urn:opendaylight:queue:service", "name": "sal-queue", "revision": "2015-03-05" },
                { "nameSpace": "urn:opendaylight:role:service", "name": "sal-role", "revision": "2015-07-27" },
                { "nameSpace": "urn:opendaylight:service:barrier:common", "name": "barrier-common", "revision": "2016-03-15" },
                { "nameSpace": "urn:opendaylight:service:batch:common", "name": "batch-common", "revision": "2016-03-22" },
                { "nameSpace": "urn:opendaylight:table:service", "name": "sal-table", "revision": "2013-10-26" },
                { "nameSpace": "urn:opendaylight:direct:statistics", "name": "opendaylight-direct-statistics", "revision": "2016-05-11" },
                { "nameSpace": "urn:opendaylight:group:statistics", "name": "opendaylight-group-statistics", "revision": "2013-11-11" },
                { "nameSpace": "urn:opendaylight:meter:statistics", "name": "opendaylight-meter-statistics", "revision": "2013-11-11" },
                { "nameSpace": "urn:opendaylight:model:statistics:types", "name": "opendaylight-statistics-types", "revision": "2013-09-25" },
                { "nameSpace": "urn:opendaylight:port:statistics", "name": "opendaylight-port-statistics", "revision": "2013-12-14" },
                { "nameSpace": "urn:opendaylight:queue:statistics", "name": "opendaylight-queue-statistics", "revision": "2013-12-16" },
                { "nameSpace": "urn:opendaylight:experimenter-message:service", "name": "sal-experimenter-message", "revision": "2015-10-20" },
                { "nameSpace": "urn:opendaylight:experimenter-mp-message:service", "name": "sal-experimenter-mp-message", "revision": "2015-10-20" },
                { "nameSpace": "urn:ietf:params:xml:ns:netconf:notification:1.0", "name": "notifications", "revision": "2008-07-14" },
                { "nameSpace": "urn:ietf:params:xml:ns:netmod:notification", "name": "nc-notifications", "revision": "2008-07-14" },
                { "nameSpace": "urn:ietf:params:xml:ns:yang:ietf-netconf-notifications", "name": "ietf-netconf-notifications", "revision": "2012-02-06" },
                { "nameSpace": "urn:opendaylight:params:xml:ns:yang:mdsal:core:general-entity", "name": "odl-general-entity", "revision": "2015-09-30" },
                { "nameSpace": "urn:opendaylight:params:xml:ns:yang:controller:md:sal:clustering:prefix-shard-configuration", "name": "prefix-shard-configuration", "revision": "2017-01-10" },
                { "nameSpace": "urn:opendaylight:params:xml:ns:yang:controller:config:distributed-datastore-provider", "name": "distributed-datastore-provider", "revision": "2014-06-12" },
                { "nameSpace": "urn:opendaylight:params:xml:ns:yang:controller:md:sal:clustering:entity-owners", "name": "entity-owners", "revision": "2015-08-04" },
                { "nameSpace": "urn:opendaylight:serviceutils:upgrade", "name": "odl-serviceutils-upgrade", "revision": "2018-07-02" },
                { "nameSpace": "urn:opendaylight:model:topology:inventory", "name": "opendaylight-topology-inventory", "revision": "2013-10-30" },
                { "nameSpace": "urn:ietf:params:xml:ns:yang:iana-if-type", "name":"iana-if-type","revision":"2017-01-19"},
                { "nameSpace": "urn:ietf:params:xml:ns:yang:ietf-interfaces", "name":"ietf-interfaces","revision":"2014-05-08"},
                { "nameSpace": "urn:ietf:params:xml:ns:yang:ietf-yang-types", "name":"ietf-yang-types","revision":"2013-07-15"},
                { "nameSpace": "urn:TBD:params:xml:ns:yang:network:ted", "name":"ted","revision":"2013-10-21"},
                { "nameSpace": "urn:TBD:params:xml:ns:yang:network-topology", "name":"network-topology","revision":"2013-10-21"},
                { "nameSpace": "urn:ietf:params:xml:ns:yang:ietf-inet-types", "name":"ietf-inet-types","revision":"2013-07-15"},
                { "nameSpace": "urn:opendaylight:yang:extension:yang-ext", "name":"yang-ext","revision":"2013-07-09"},
                { "nameSpace": "urn:opendaylight:params:xml:ns:yang:controller:config:distributed-datastore-provider", "name":"distributed-datastore-provider","revision":"2014-06-12"},
                { "nameSpace": "urn:opendaylight:params:xml:ns:yang:controller:md:sal:clustering:entity-owners", "name":"entity-owners","revision":"2015-08-04"},
                { "nameSpace": "urn:opendaylight:params:xml:ns:yang:controller:md:sal:clustering:prefix-shard-configuration", "name":"prefix-shard-configuration","revision":"2017-01-10"},
                { "nameSpace": "urn:opendaylight:params:xml:ns:yang:controller:md:sal:cluster:admin", "name":"cluster-admin","revision":"2015-10-13"},
                { "nameSpace": "urn:ietf:params:xml:ns:yang:ietf-yang-library", "name":"ietf-yang-library","revision":"2016-06-21"},
                { "nameSpace": "urn:ietf:params:xml:ns:yang:ietf-restconf", "name":"ietf-restconf","revision":"2017-01-26"},
                { "nameSpace": "urn:ietf:params:xml:ns:yang:ietf-restconf-monitoring", "name":"ietf-restconf-monitoring","revision":"2017-01-26"},
                { "nameSpace": "urn:opendaylight:params:xml:ns:yang:controller:md:sal:remote", "name": "sal-remote","revision":"2014-01-14"},
                { "nameSpace": "urn:sal:restconf:event:subscription", "name": "sal-remote-augment","revision":"2014-07-08"},
                { "nameSpace": "subscribe:to:notification", "name": "subscribe-to-notification","revision":"2016-10-28"},
                { "nameSpace": "urn:opendaylight:netconf:keystore","name":"netconf-keystore","revision":"2017-10-17"},
                { "nameSpace": "urn:opendaylight:netconf-node-topology","name":"netconf-node-topology","revision":"2015-01-14"},
                { "nameSpace": "urn:opendaylight:netconf-node-optional","name":"netconf-node-optional","revision":"2019-06-14"},
                { "nameSpace": "urn:ietf:params:xml:ns:netconf:base:1.0","name":"ietf-netconf","revision":"2011-06-01"},
                { "nameSpace": "urn:ietf:params:xml:ns:yang:ietf-netconf-monitoring","name":"ietf-netconf-monitoring","revision":"2010-10-04"},
                { "nameSpace": "urn:ietf:params:xml:ns:yang:ietf-netconf-monitoring-extension","name":"ietf-netconf-monitoring-extension","revision":"2013-12-10"},
                { "nameSpace": "urn:opendaylight:params:xml:ns:yang:controller:config:sal-clustering-it:people","name":"people","revision":"2014-08-18"},
                { "nameSpace": "urn:opendaylight:params:xml:ns:yang:controller:config:sal-clustering-it:car","name":"car","revision":"2014-08-18"},
                { "nameSpace": "urn:opendaylight:params:xml:ns:yang:controller:config:sal-clustering-it:car-people","name":"car-people","revision":"2014-08-18"},
                { "nameSpace": "urn:opendaylight:params:xml:ns:yang:controller:config:sal-clustering-it:car-purchase","name":"car-purchase","revision":"2014-08-18"},
                { "nameSpace": "urn:opendaylight:controller:basic-rpc-test","name":"basic-rpc-test","revision":"2016-01-20"},
                { "nameSpace": "http://netconfcentral.org/ns/toaster","name":"toaster","revision":"2009-11-20"},
                { "nameSpace": "tag:opendaylight.org,2017:controller:yang:lowlevel:common","name":"odl-mdsal-lowlevel-common","revision":"2017-02-15"},
                { "nameSpace": "tag:opendaylight.org,2017:controller:yang:lowlevel:control","name":"odl-mdsal-lowlevel-control","revision":"2017-02-15"},
                { "nameSpace": "tag:opendaylight.org,2017:controller:yang:lowlevel:target","name":"odl-mdsal-lowlevel-target","revision":"2017-02-15"},
                { "nameSpace": "urn:opendaylight:params:xml:ns:yang:controller:toaster-app-config", "name":"toaster-app-config","revision":"2016-05-03"},
                { "nameSpace": "urn:opendaylight:params:xml:ns:yang:hello","name":"hello","revision":"2019-07-01"},
                { "nameSpace": "yang:noa:toaster:notifications","name":"noa-toaster-notifications","revision":"2021-08-17"},
                {"nameSpace": "urn:ietf:params:xml:ns:yang:smiv2:IF-MIB","name": "IF-MIB","revision": "2000-06-14"},
                {"nameSpace": "urn:ietf:params:xml:ns:yang:smiv2:ARICENTQ-BRIDGE-MIB", "name":"ARICENTQ-BRIDGE-MIB","revision":"2012-09-05"},
                {"nameSpace": "urn:ietf:params:xml:ns:yang:smiv2:ARICENT-CFA-MIB", "name":"ARICENT-CFA-MIB","revision":"2012-09-05"},
                {"nameSpace": "urn:ietf:params:xml:ns:yang:smiv2:Q-BRIDGE-MIB","name":"Q-BRIDGE-MIB","revision":"2006-01-09"}
            ]
        }
    },
    "restconf":{
        "inetAddress": "127.0.0.1",
        "httpPort": 8888,
        "webSocketPort": 8185,
        "restconfServletContextPath": "/restconf",
        "jsonRestconfServiceType": "DRAFT_18"
    },
    "netconf":{
        "topologyId":"topology-netconf",
        "writeTxTimeout": 0
    }
}
