<?xml version="1.0" encoding="UTF-8"?>
<metadata modelVersion="1.1.0">
  <groupId>in.utl.noa.netconf.device.models</groupId>
  <artifactId>noa-std-ietf-topology-base-model</artifactId>
  <version>13.2.1-SNAPSHOT</version>
  <versioning>
    <snapshot>
      <timestamp>20220902.085503</timestamp>
      <buildNumber>1</buildNumber>
    </snapshot>
    <lastUpdated>20220902085503</lastUpdated>
    <snapshotVersions>
      <snapshotVersion>
        <extension>jar</extension>
        <value>13.2.1-20220902.085503-1</value>
        <updated>20220902085503</updated>
      </snapshotVersion>
      <snapshotVersion>
        <extension>pom</extension>
        <value>13.2.1-20220902.085503-1</value>
        <updated>20220902085503</updated>
      </snapshotVersion>
    </snapshotVersions>
  </versioning>
</metadata>
