{
	"rules": [
		{
			"from": "user-account",
			"to": "user-group",
			"label": "org.onap.relationships.inventory.BelongsTo",
			"direction": "OUT",
			"multiplicity": "MANY2MANY",
			"contains-other-v": "NONE",
			"delete-other-v": "NONE",
			"SVC-INFRA": "NONE",
			"prevent-delete": "NONE",
			"default": "true",
			"description": "Edge b/w Accounts and Groups"
		},
		{
			"from": "user-account",
			"to": "user-privilege",
			"label": "org.onap.relationships.inventory.BelongsTo",
			"direction": "OUT",
			"multiplicity": "ONE2MANY",
			"contains-other-v": "${direction}",
			"delete-other-v": "NONE",
			"SVC-INFRA": "NONE",
			"prevent-delete": "NONE",
			"default": "true",
			"description": "Edge b/w User Accounts and User Privileges"
		},
		{
			"from": "user-group",
			"to": "group-privilege",
			"label": "org.onap.relationships.inventory.BelongsTo",
			"direction": "OUT",
			"multiplicity": "ONE2MANY",
			"contains-other-v": "${direction}",
			"delete-other-v": "NONE",
			"SVC-INFRA": "NONE",
			"prevent-delete": "NONE",
			"default": "true",
			"description": "Edge b/w User Group and Group Privileges"
		},
		{
			"from": "network-device",
			"to": "edge-router",
			"label": "org.onap.relationships.inventory.BelongsTo",
			"direction": "OUT",
			"multiplicity": "ONE2ONE",
			"contains-other-v": "NONE",
			"delete-other-v": "${direction}",
			"prevent-delete": "NONE",
			"SVC-INFRA": "NONE",
			"default": "true",
			"description": "Edge b/w Network Device and Edge Router"
		},
		{
			"from": "network-device",
			"to": "vlan-interface",
			"label": "org.onap.relationships.inventory.BelongsTo",
			"direction": "OUT",
			"multiplicity": "ONE2MANY",
			"contains-other-v": "${direction}",
			"delete-other-v": "${direction}",
			"prevent-delete": "NONE",
			"SVC-INFRA": "NONE",
			"default": "true",
			"description": "Edge b/w Network Device and VLAN Interface"
		},
		{
			"from": "vlan",
			"to": "vlan-interface",
			"label": "org.onap.relationships.inventory.BelongsTo",
			"direction": "OUT",
			"multiplicity": "ONE2MANY",
			"contains-other-v": "NONE",
			"delete-other-v": "${direction}",
			"prevent-delete": "NONE",
			"SVC-INFRA": "NONE",
			"default": "true",
			"description": "Edge b/w VLAN and VLAN Interface"
		},
		{
			"from": "ietf-interface",
			"to": "vlan-interface",
			"label": "org.onap.relationships.inventory.BelongsTo",
			"direction": "OUT",
			"multiplicity": "ONE2MANY",
			"contains-other-v": "NONE",
			"delete-other-v": "${direction}",
			"prevent-delete": "NONE",
			"SVC-INFRA": "NONE",
			"default": "true",
			"description": "Edge b/w Interface and VLAN Interface"
		},
		{
			"from": "network-device",
			"to": "device-config",
			"label": "org.onap.relationships.inventory.BelongsTo",
			"direction": "OUT",
			"multiplicity": "ONE2ONE",
			"contains-other-v": "${direction}",
			"delete-other-v": "${direction}",
			"prevent-delete": "NONE",
			"SVC-INFRA": "NONE",
			"default": "true",
			"description": "Edge b/w Network Device and Device Config"
		},
		{
			"from": "network-device",
			"to": "logging-config",
			"label": "org.onap.relationships.inventory.BelongsTo",
			"direction": "OUT",
			"multiplicity": "ONE2ONE",
			"contains-other-v": "${direction}",
			"delete-other-v": "${direction}",
			"prevent-delete": "NONE",
			"SVC-INFRA": "NONE",
			"default": "true",
			"description": "Edge b/w Network Device and Logging Config"
		},
		{
			"from": "network-device",
			"to": "audit-config",
			"label": "org.onap.relationships.inventory.BelongsTo",
			"direction": "OUT",
			"multiplicity": "ONE2ONE",
			"contains-other-v": "${direction}",
			"delete-other-v": "${direction}",
			"prevent-delete": "NONE",
			"SVC-INFRA": "NONE",
			"default": "true",
			"description": "Edge b/w Network Device and Audit Config"
		},
		{
			"from": "network-device",
			"to": "performance-config",
			"label": "org.onap.relationships.inventory.BelongsTo",
			"direction": "OUT",
			"multiplicity": "ONE2ONE",
			"contains-other-v": "${direction}",
			"delete-other-v": "${direction}",
			"prevent-delete": "NONE",
			"SVC-INFRA": "NONE",
			"default": "true",
			"description": "Edge b/w Network Device and Performance Config"
		},
		{
			"from": "network-device",
			"to": "system-config",
			"label": "org.onap.relationships.inventory.BelongsTo",
			"direction": "OUT",
			"multiplicity": "ONE2ONE",
			"contains-other-v": "${direction}",
			"delete-other-v": "${direction}",
			"prevent-delete": "NONE",
			"SVC-INFRA": "NONE",
			"default": "true",
			"description": "Edge b/w Network Device and System Config"
		},
		{
			"from": "network-device",
			"to": "session-config",
			"label": "org.onap.relationships.inventory.BelongsTo",
			"direction": "OUT",
			"multiplicity": "ONE2ONE",
			"contains-other-v": "${direction}",
			"delete-other-v": "${direction}",
			"prevent-delete": "NONE",
			"SVC-INFRA": "NONE",
			"default": "true",
			"description": "Edge b/w Network Device and Session Config"
		},
		{
			"from": "network-device",
			"to": "port-control-entry",
			"label": "org.onap.relationships.inventory.BelongsTo",
			"direction": "OUT",
			"multiplicity": "ONE2MANY",
			"contains-other-v": "${direction}",
			"delete-other-v": "${direction}",
			"prevent-delete": "NONE",
			"SVC-INFRA": "NONE",
			"default": "true",
			"description": "Edge b/w Network Device and Port Control Entry"
		},
		{
			"from": "network-device",
			"to": "ip-authorization-manager",
			"label": "org.onap.relationships.inventory.BelongsTo",
			"direction": "OUT",
			"multiplicity": "ONE2MANY",
			"contains-other-v": "${direction}",
			"delete-other-v": "${direction}",
			"prevent-delete": "NONE",
			"SVC-INFRA": "NONE",
			"default": "true",
			"description": "Edge b/w Network Device and IP Authorization Manager"
		},
		{
			"from": "ip-authorization-manager",
			"to": "ietf-interface",
			"label": "org.onap.relationships.inventory.BelongsTo",
			"direction": "OUT",
			"multiplicity": "MANY2MANY",
			"contains-other-v": "NONE",
			"delete-other-v": "NONE",
			"prevent-delete": "NONE",
			"SVC-INFRA": "NONE",
			"default": "true",
			"description": "Edge b/w IP Authorization Manager & Interface"
		},
		{
			"from": "ip-authorization-manager",
			"to": "vlan",
			"label": "org.onap.relationships.inventory.BelongsTo",
			"direction": "OUT",
			"multiplicity": "MANY2MANY",
			"contains-other-v": "NONE",
			"delete-other-v": "NONE",
			"prevent-delete": "NONE",
			"SVC-INFRA": "NONE",
			"default": "true",
			"description": "Edge b/w IP Authorization Manager & Vlan"
		},
		{
			"from": "network-device",
			"to": "ietf-interface",
			"label": "org.onap.relationships.inventory.BelongsTo",
			"direction": "OUT",
			"multiplicity": "ONE2MANY",
			"contains-other-v": "${direction}",
			"delete-other-v": "${direction}",
			"prevent-delete": "NONE",
			"SVC-INFRA": "NONE",
			"default": "true",
			"description": "Edge b/w Ietf Interface and Device"
		},
		{
			"from": "network-device",
			"to": "attachment-circuit",
			"label": "org.onap.relationships.inventory.BelongsTo",
			"direction": "OUT",
			"multiplicity": "ONE2MANY",
			"contains-other-v": "${direction}",
			"delete-other-v": "${direction}",
			"prevent-delete": "NONE",
			"SVC-INFRA": "NONE",
			"default": "true",
			"description": "Edge b/w Attachment Circuit and Device"
		},
		{
			"from": "user-account",
			"to": "access-role",
			"label": "org.onap.relationships.inventory.BelongsTo",
			"direction": "OUT",
			"multiplicity": "MANY2ONE",
			"contains-other-v": "NONE",
			"delete-other-v": "NONE",
			"prevent-delete": "NONE",
			"default": "true",
			"description": "Edge b/w User Accounts and Security Roles"
		},
		{
			"from": "password-policy",
			"to": "user-account",
			"label": "org.onap.relationships.inventory.BelongsTo",
			"direction": "OUT",
			"multiplicity": "ONE2MANY",
			"contains-other-v": "NONE",
			"delete-other-v": "NONE",
			"prevent-delete": "NONE",
			"default": "true",
			"description": "Edge b/w User Accounts and Password Policies"
		},
		{
			"from": "user-group",
			"to": "access-role",
			"label": "org.onap.relationships.inventory.BelongsTo",
			"direction": "OUT",
			"multiplicity": "MANY2ONE",
			"contains-other-v": "NONE",
			"delete-other-v": "NONE",
			"prevent-delete": "NONE",
			"default": "true",
			"description": "Edge b/w User Accounts and Security Roles"
		},
		{
			"from": "user-account",
			"to": "password-history",
			"label": "org.onap.relationships.inventory.BelongsTo",
			"direction": "OUT",
			"multiplicity": "ONE2MANY",
			"contains-other-v": "${direction}",
			"delete-other-v": "${direction}",
			"prevent-delete": "NONE",
			"default": "true",
			"description": "Edge b/w User Accounts and Password History"
		},
		{
			"from": "feature",
			"to": "operation",
			"label": "org.onap.relationships.inventory.BelongsTo",
			"direction": "OUT",
			"multiplicity": "ONE2MANY",
			"contains-other-v": "${direction}",
			"delete-other-v": "${direction}",
			"prevent-delete": "NONE",
			"SVC-INFRA": "NONE",
			"default": "true",
			"description": "Edge b/w Feature and Operation."
		},
		{
			"from": "fault-config",
			"to": "fault",
			"label": "org.onap.relationships.inventory.BelongsTo",
			"direction": "OUT",
			"multiplicity": "ONE2MANY",
			"contains-other-v": "NONE",
			"delete-other-v": "NONE",
			"prevent-delete": "NONE",
			"SVC-INFRA": "NONE",
			"default": "true",
			"description": "Edge b/w Fault Configuration and Faults."
		},
		{
			"from": "fault-config",
			"to": "fault-processing-policy",
			"label": "org.onap.relationships.inventory.BelongsTo",
			"direction": "OUT",
			"multiplicity": "MANY2ONE",
			"contains-other-v": "NONE",
			"delete-other-v": "NONE",
			"prevent-delete": "NONE",
			"SVC-INFRA": "NONE",
			"default": "true",
			"description": "Edge b/w Fault Configuration and Fault Processing Policy."
		},
		{
			"from": "ietf-network",
			"to": "n-node",
			"label": "org.onap.relationships.inventory.BelongsTo",
			"direction": "OUT",
			"multiplicity": "ONE2MANY",
			"contains-other-v": "${direction}",
			"delete-other-v": "${direction}",
			"prevent-delete": "NONE",
			"SVC-INFRA": "NONE",
			"default": "true",
			"description": "Edge b/w Ietf-Networks and Nodes."
		},
		{
			"from": "ietf-network",
			"to": "link",
			"label": "org.onap.relationships.inventory.BelongsTo",
			"direction": "OUT",
			"multiplicity": "ONE2MANY",
			"contains-other-v": "${direction}",
			"delete-other-v": "${direction}",
			"prevent-delete": "NONE",
			"SVC-INFRA": "NONE",
			"default": "true",
			"description": "Edge b/w Ietf-Networks and Links."
		},
		{
			"from": "ietf-network",
			"to": "lsp",
			"label": "org.onap.relationships.inventory.BelongsTo",
			"direction": "OUT",
			"multiplicity": "ONE2MANY",
			"contains-other-v": "${direction}",
			"delete-other-v": "${direction}",
			"prevent-delete": "NONE",
			"SVC-INFRA": "NONE",
			"default": "true",
			"description": "Edge b/w Ietf-Networks and LSP."
		},
		{
			"from": "ietf-network",
			"to": "route",
			"label": "org.onap.relationships.inventory.BelongsTo",
			"direction": "OUT",
			"multiplicity": "ONE2MANY",
			"contains-other-v": "${direction}",
			"delete-other-v": "${direction}",
			"prevent-delete": "NONE",
			"SVC-INFRA": "NONE",
			"default": "true",
			"description": "Edge b/w Ietf-Networks and Routes."
		},
		{
			"from": "ietf-network",
			"to": "supporting-network",
			"label": "org.onap.relationships.inventory.BelongsTo",
			"direction": "OUT",
			"multiplicity": "MANY2MANY",
			"contains-other-v": "${direction}",
			"delete-other-v": "${direction}",
			"prevent-delete": "NONE",
			"SVC-INFRA": "NONE",
			"default": "true",
			"description": "Edge b/w Ietf-Networks and Supporting Networks."
		},
		{
			"from": "ietf-network",
			"to": "link",
			"label": "org.onap.relationships.inventory.BelongsTo",
			"direction": "OUT",
			"multiplicity": "MANY2MANY",
			"contains-other-v": "NONE",
			"delete-other-v": "NONE",
			"prevent-delete": "NONE",
			"SVC-INFRA": "NONE",
			"default": "true",
			"description": "Edge b/w Ietf-Networks and Link."
		},
		{
			"from": "supporting-network",
			"to": "ietf-network",
			"label": "org.onap.relationships.inventory.BelongsTo",
			"direction": "OUT",
			"multiplicity": "MANY2ONE",
			"contains-other-v": "NONE",
			"delete-other-v": "!${direction}",
			"prevent-delete": "NONE",
			"SVC-INFRA": "NONE",
			"default": "true",
			"description": "Edge b/w Supporting Networks and Ietf-Networks for Reference."
		},
		{
			"from": "n-node",
			"to": "network-device",
			"label": "org.onap.relationships.inventory.BelongsTo",
			"direction": "OUT",
			"multiplicity": "MANY2ONE",
			"contains-other-v": "NONE",
			"delete-other-v": "!${direction}",
			"prevent-delete": "NONE",
			"SVC-INFRA": "NONE",
			"default": "true",
			"description": "Edge b/w Network Device and Node."
		},
		{
			"from": "ietf-network",
			"to": "network-slice",
			"label": "org.onap.relationships.inventory.BelongsTo",
			"direction": "OUT",
			"multiplicity": "ONE2MANY",
			"contains-other-v": "NONE",
			"delete-other-v": "${direction}",
			"prevent-delete": "NONE",
			"SVC-INFRA": "NONE",
			"default": "true",
			"description": "Edge b/w Ietf Network and Network Slice."
		},
		{
			"from": "network-slice",
			"to": "ns-endpoint",
			"label": "org.onap.relationships.inventory.BelongsTo",
			"direction": "OUT",
			"multiplicity": "ONE2MANY",
			"contains-other-v": "${direction}",
			"delete-other-v": "${direction}",
			"prevent-delete": "NONE",
			"SVC-INFRA": "NONE",
			"default": "true",
			"description": "Edge b/w Network Slice and End Point."
		},
		{
			"from": "network-slice",
			"to": "ns-connection",
			"label": "org.onap.relationships.inventory.BelongsTo",
			"direction": "OUT",
			"multiplicity": "ONE2MANY",
			"contains-other-v": "${direction}",
			"delete-other-v": "${direction}",
			"prevent-delete": "NONE",
			"SVC-INFRA": "NONE",
			"default": "true",
			"description": "Edge b/w Network Slice and Connections."
		},
		{
			"from": "ns-connection",
			"to": "ns-endpoint",
			"label": "org.onap.relationships.inventory.BelongsTo",
			"direction": "OUT",
			"multiplicity": "MANY2MANY",
			"contains-other-v": "NONE",
			"delete-other-v": "!${direction}",
			"prevent-delete": "NONE",
			"SVC-INFRA": "NONE",
			"default": "true",
			"description": "Edge b/w Network Slice End Points and Connections."
		},
		{
			"from": "ns-connection",
			"to": "link",
			"label": "org.onap.relationships.inventory.BelongsTo",
			"direction": "OUT",
			"multiplicity": "MANY2ONE",
			"contains-other-v": "NONE",
			"delete-other-v": "!${direction}",
			"prevent-delete": "NONE",
			"SVC-INFRA": "NONE",
			"default": "true",
			"description": "Edge b/w Network Slice Connections and Links."
		},
		{
			"from": "l2-vpn",
			"to": "ietf-network",
			"label": "org.onap.relationships.inventory.BelongsTo",
			"direction": "OUT",
			"multiplicity": "MANY2MANY",
			"contains-other-v": "NONE",
			"delete-other-v": "NONE",
			"prevent-delete": "NONE",
			"SVC-INFRA": "NONE",
			"default": "true",
			"description": "Edge b/w L2 VPN and Ietf Network."
		},
		{
			"from": "l2-vpn",
			"to": "lsp",
			"label": "org.onap.relationships.inventory.BelongsTo",
			"direction": "OUT",
			"multiplicity": "MANY2MANY",
			"contains-other-v": "NONE",
			"delete-other-v": "${direction}",
			"prevent-delete": "NONE",
			"SVC-INFRA": "NONE",
			"default": "true",
			"description": "Edge b/w L2 VPN and LSP."
		},
		{
			"from": "l2-vpn",
			"to": "l2-vpn-instance",
			"label": "org.onap.relationships.inventory.BelongsTo",
			"direction": "OUT",
			"multiplicity": "MANY2MANY",
			"contains-other-v": "NONE",
			"delete-other-v": "NONE",
			"prevent-delete": "NONE",
			"SVC-INFRA": "NONE",
			"default": "true",
			"description": "Edge b/w L2 Vpn and L2 Vpn Instance."
		},
		{
			"from": "l2-vpn",
			"to": "l2vpn-endpoint",
			"label": "org.onap.relationships.inventory.BelongsTo",
			"direction": "OUT",
			"multiplicity": "ONE2MANY",
			"contains-other-v": "${direction}",
			"delete-other-v": "${direction}",
			"prevent-delete": "NONE",
			"SVC-INFRA": "NONE",
			"default": "true",
			"description": "Edge b/w L2 Vpn and L2 Vpn Endpoint."
		},
		{
			"from": "site",
			"to": "location",
			"label": "org.onap.relationships.inventory.BelongsTo",
			"direction": "OUT",
			"multiplicity": "MANY2MANY",
			"contains-other-v": "${direction}",
			"delete-other-v": "${direction}",
			"prevent-delete": "NONE",
			"SVC-INFRA": "NONE",
			"default": "true",
			"description": "Edge b/w Sites and Locations."
		},
		{
			"from": "site",
			"to": "management",
			"label": "org.onap.relationships.inventory.BelongsTo",
			"direction": "OUT",
			"multiplicity": "ONE2ONE",
			"contains-other-v": "${direction}",
			"delete-other-v": "${direction}",
			"prevent-delete": "NONE",
			"SVC-INFRA": "NONE",
			"default": "true",
			"description": "Edge b/w Site and Management."
		},
		{
			"from": "site",
			"to": "mac-loop-prevention",
			"label": "org.onap.relationships.inventory.BelongsTo",
			"direction": "OUT",
			"multiplicity": "ONE2ONE",
			"contains-other-v": "${direction}",
			"delete-other-v": "${direction}",
			"prevent-delete": "NONE",
			"SVC-INFRA": "NONE",
			"default": "true",
			"description": "Edge b/w Site and Mac Loop Prevention."
		},
		{
			"from": "site",
			"to": "mac",
			"label": "org.onap.relationships.inventory.BelongsTo",
			"direction": "OUT",
			"multiplicity": "ONE2MANY",
			"contains-other-v": "${direction}",
			"delete-other-v": "${direction}",
			"prevent-delete": "NONE",
			"SVC-INFRA": "NONE",
			"default": "true",
			"description": "Edge b/w Sites and Mac Addresses."
		},
		{
			"from": "site",
			"to": "network-device",
			"label": "org.onap.relationships.inventory.BelongsTo",
			"direction": "OUT",
			"multiplicity": "MANY2MANY",
			"contains-other-v": "NONE",
			"delete-other-v": "NONE",
			"prevent-delete": "NONE",
			"SVC-INFRA": "NONE",
			"default": "true",
			"description": "Edge b/w Sites and Devices."
		},
		{
			"from": "network-device",
			"to": "location",
			"label": "org.onap.relationships.inventory.BelongsTo",
			"direction": "OUT",
			"multiplicity": "MANY2ONE",
			"contains-other-v": "NONE",
			"delete-other-v": "NONE",
			"prevent-delete": "NONE",
			"SVC-INFRA": "NONE",
			"default": "true",
			"description": "Edge b/w Devices and Locations."
		},
		{
			"from": "network-device",
			"to": "management",
			"label": "org.onap.relationships.inventory.BelongsTo",
			"direction": "OUT",
			"multiplicity": "MANY2ONE",
			"contains-other-v": "NONE",
			"delete-other-v": "NONE",
			"prevent-delete": "NONE",
			"SVC-INFRA": "NONE",
			"default": "true",
			"description": "Edge b/w Devices and Management."
		},
		{
			"from": "site",
			"to": "l2-vpn",
			"label": "org.onap.relationships.inventory.BelongsTo",
			"direction": "OUT",
			"multiplicity": "MANY2MANY",
			"contains-other-v": "NONE",
			"delete-other-v": "NONE",
			"prevent-delete": "NONE",
			"SVC-INFRA": "NONE",
			"default": "true",
			"description": "Edge b/w Site and L2 Vpn."
		},
		{
			"from": "site",
			"to": "vpn-service",
			"label": "org.onap.relationships.inventory.BelongsTo",
			"direction": "OUT",
			"multiplicity": "MANY2MANY",
			"contains-other-v": "NONE",
			"delete-other-v": "NONE",
			"prevent-delete": "NONE",
			"SVC-INFRA": "NONE",
			"default": "true",
			"description": "Edge b/w Site and Vpn Service."
		},
		{
			"from": "vpn-service",
			"to": "l2-vpn",
			"label": "org.onap.relationships.inventory.BelongsTo",
			"direction": "OUT",
			"multiplicity": "ONE2ONE",
			"contains-other-v": "NONE",
			"delete-other-v": "${direction}",
			"prevent-delete": "NONE",
			"SVC-INFRA": "NONE",
			"default": "true",
			"description": "Edge b/w Vpn Service and L2 Vpn."
		},
		{
			"from": "l2-vpn",
			"to": "bgp-signaling-parameter",
			"label": "org.onap.relationships.inventory.BelongsTo",
			"direction": "OUT",
			"multiplicity": "ONE2ONE",
			"contains-other-v": "${direction}",
			"delete-other-v": "${direction}",
			"prevent-delete": "NONE",
			"SVC-INFRA": "NONE",
			"default": "true",
			"description": "Edge b/w L2 Vpn and Bgp Signaling Parameters."
		},
		{
			"from": "l2vpn-endpoint",
			"to": "ietf-interface",
			"label": "org.onap.relationships.inventory.BelongsTo",
			"direction": "OUT",
			"multiplicity": "ONE2ONE",
			"contains-other-v": "NONE",
			"delete-other-v": "!${direction}",
			"prevent-delete": "NONE",
			"SVC-INFRA": "NONE",
			"default": "true",
			"description": "Edge b/w L2 vpn Endpoint and Ietf Interface."
		},
		{
			"from": "site",
			"to": "maximum-route",
			"label": "org.onap.relationships.inventory.BelongsTo",
			"direction": "OUT",
			"multiplicity": "ONE2MANY",
			"contains-other-v": "${direction}",
			"delete-other-v": "${direction}",
			"prevent-delete": "NONE",
			"SVC-INFRA": "NONE",
			"default": "true",
			"description": "Edge b/w Site and Maximum Route."
		},
		{
			"from": "site",
			"to": "routing-protocol",
			"label": "org.onap.relationships.inventory.BelongsTo",
			"direction": "OUT",
			"multiplicity": "ONE2MANY",
			"contains-other-v": "${direction}",
			"delete-other-v": "${direction}",
			"prevent-delete": "NONE",
			"SVC-INFRA": "NONE",
			"default": "true",
			"description": "Edge b/w Site and Routing Protocol."
		},
		{
			"from": "routing-protocol",
			"to": "bgp-routing-parameters",
			"label": "org.onap.relationships.inventory.BelongsTo",
			"direction": "OUT",
			"multiplicity": "ONE2ONE",
			"contains-other-v": "${direction}",
			"delete-other-v": "${direction}",
			"prevent-delete": "NONE",
			"SVC-INFRA": "NONE",
			"default": "true",
			"description": "Edge b/w Routing Protocol and Bgp Routing Parameters."
		},
		{
			"from": "l3-vpn",
			"to": "common-bgp-parameters",
			"label": "org.onap.relationships.inventory.BelongsTo",
			"direction": "OUT",
			"multiplicity": "ONE2ONE",
			"contains-other-v": "${direction}",
			"delete-other-v": "${direction}",
			"prevent-delete": "NONE",
			"SVC-INFRA": "NONE",
			"default": "true",
			"description": "Edge b/w L3 Vpn and Common Bgp Parameters."
		},
		{
			"from": "vpn-service",
			"to": "ietf-network",
			"label": "org.onap.relationships.inventory.BelongsTo",
			"direction": "OUT",
			"multiplicity": "MANY2MANY",
			"contains-other-v": "NONE",
			"delete-other-v": "NONE",
			"prevent-delete": "NONE",
			"SVC-INFRA": "NONE",
			"default": "true",
			"description": "Edge b/w Vpn Service and Ietf Network."
		},
		{
			"from": "vpn-service",
			"to": "l2-vpn-instance",
			"label": "org.onap.relationships.inventory.BelongsTo",
			"direction": "OUT",
			"multiplicity": "ONE2MANY",
			"contains-other-v": "NONE",
			"delete-other-v": "${direction}",
			"prevent-delete": "NONE",
			"SVC-INFRA": "NONE",
			"default": "true",
			"description": "Edge b/w Vpn Service and L2VPN Instance."
		},
		{
			"from": "vpn-service",
			"to": "l3-vpn-instance",
			"label": "org.onap.relationships.inventory.BelongsTo",
			"direction": "OUT",
			"multiplicity": "ONE2MANY",
			"contains-other-v": "NONE",
			"delete-other-v": "${direction}",
			"prevent-delete": "NONE",
			"SVC-INFRA": "NONE",
			"default": "true",
			"description": "Edge b/w Vpn Service and L3VPN Instance."
		},
		{
			"from": "vpn-service",
			"to": "l3-vpn",
			"label": "org.onap.relationships.inventory.BelongsTo",
			"direction": "OUT",
			"multiplicity": "ONE2ONE",
			"contains-other-v": "NONE",
			"delete-other-v": "${direction}",
			"prevent-delete": "NONE",
			"SVC-INFRA": "NONE",
			"default": "true",
			"description": "Edge b/w Vpn Service and L3 Vpn."
		},
		{
			"from": "vpn-service",
			"to": "endpoint",
			"label": "org.onap.relationships.inventory.BelongsTo",
			"direction": "OUT",
			"multiplicity": "ONE2MANY",
			"contains-other-v": "${direction}",
			"delete-other-v": "${direction}",
			"prevent-delete": "NONE",
			"SVC-INFRA": "NONE",
			"default": "true",
			"description": "Edge b/w VPN Service and Endpoint."
		},
		{
			"from": "vpn-service",
			"to": "path",
			"label": "org.onap.relationships.inventory.BelongsTo",
			"direction": "OUT",
			"multiplicity": "ONE2MANY",
			"contains-other-v": "${direction}",
			"delete-other-v": "${direction}",
			"prevent-delete": "NONE",
			"SVC-INFRA": "NONE",
			"default": "true",
			"description": "Edge b/w VPN Service and Path."
		},
		{
			"from": "vpn-service",
			"to": "pathhop",
			"label": "org.onap.relationships.inventory.BelongsTo",
			"direction": "OUT",
			"multiplicity": "ONE2MANY",
			"contains-other-v": "${direction}",
			"delete-other-v": "${direction}",
			"prevent-delete": "NONE",
			"SVC-INFRA": "NONE",
			"default": "true",
			"description": "Edge b/w VPN Service and Pathhop."
		},
		{
			"from": "path",
			"to": "pathhop",
			"label": "org.onap.relationships.inventory.BelongsTo",
			"direction": "OUT",
			"multiplicity": "ONE2MANY",
			"contains-other-v": "NONE",
			"delete-other-v": "${direction}",
			"prevent-delete": "NONE",
			"SVC-INFRA": "NONE",
			"default": "true",
			"description": "Edge b/w Path and Pathhop."
		},
		{
			"from": "pathhop",
			"to": "link",
			"label": "org.onap.relationships.inventory.BelongsTo",
			"direction": "OUT",
			"multiplicity": "ONE2ONE",
			"contains-other-v": "NONE",
			"delete-other-v": "${direction}",
			"prevent-delete": "NONE",
			"SVC-INFRA": "NONE",
			"default": "true",
			"description": "Edge b/w Pathhop and Link."
		},
		{
			"from": "network-device",
			"to": "bridge-instance",
			"label": "org.onap.relationships.inventory.BelongsTo",
			"direction": "OUT",
			"multiplicity": "ONE2MANY",
			"contains-other-v": "${direction}",
			"delete-other-v": "${direction}",
			"prevent-delete": "NONE",
			"SVC-INFRA": "NONE",
			"default": "true",
			"description": "Edge b/w Network Device and bridge-instance."
		},
		{
			"from": "network-device",
			"to": "stp-configuration",
			"label": "org.onap.relationships.inventory.BelongsTo",
			"direction": "OUT",
			"multiplicity": "ONE2MANY",
			"contains-other-v": "${direction}",
			"delete-other-v": "${direction}",
			"prevent-delete": "NONE",
			"SVC-INFRA": "NONE",
			"default": "true",
			"description": "Edge b/w Network Device and STP Configuration."
		},
		{
			"from": "bridge-instance",
			"to": "stp-configuration",
			"label": "org.onap.relationships.inventory.BelongsTo",
			"direction": "OUT",
			"multiplicity": "ONE2ONE",
			"contains-other-v": "NONE",
			"delete-other-v": "${direction}",
			"prevent-delete": "NONE",
			"SVC-INFRA": "NONE",
			"default": "true",
			"description": "Edge b/w Bridge Instance and STP Configuration."
		},
		{
			"from": "network-device",
			"to": "endpoint",
			"label": "org.onap.relationships.inventory.BelongsTo",
			"direction": "OUT",
			"multiplicity": "ONE2MANY",
			"contains-other-v": "NONE",
			"delete-other-v": "${direction}",
			"prevent-delete": "NONE",
			"SVC-INFRA": "NONE",
			"default": "true",
			"description": "Edge b/w Network Device and Endpoint."
		},
		{
			"from": "bridge-instance",
			"to": "ietf-interface",
			"label": "org.onap.relationships.inventory.BelongsTo",
			"direction": "OUT",
			"multiplicity": "MANY2MANY",
			"contains-other-v": "NONE",
			"delete-other-v": "NONE",
			"prevent-delete": "NONE",
			"SVC-INFRA": "NONE",
			"default": "true",
			"description": "Edge b/w Ietf Interface and bridge-instance."
		},
		{
			"from": "bridge-instance",
			"to": "stp-config",
			"label": "org.onap.relationships.inventory.BelongsTo",
			"direction": "OUT",
			"multiplicity": "ONE2ONE",
			"contains-other-v": "${direction}",
			"delete-other-v": "${direction}",
			"prevent-delete": "NONE",
			"SVC-INFRA": "NONE",
			"default": "true",
			"description": "Edge b/w STP Configuration and bridge-instance."
		},
		{
			"from": "network-device",
			"to": "vlan",
			"label": "org.onap.relationships.inventory.BelongsTo",
			"direction": "OUT",
			"multiplicity": "ONE2MANY",
			"contains-other-v": "${direction}",
			"delete-other-v": "${direction}",
			"prevent-delete": "NONE",
			"SVC-INFRA": "NONE",
			"default": "true",
			"description": "Edge b/w Network Device and Vlans."
		},
		{
			"from": "bridge-instance",
			"to": "vlan",
			"label": "org.onap.relationships.inventory.BelongsTo",
			"direction": "OUT",
			"multiplicity": "ONE2MANY",
			"contains-other-v": "NONE",
			"delete-other-v": "${direction}",
			"prevent-delete": "NONE",
			"SVC-INFRA": "NONE",
			"default": "true",
			"description": "Edge b/w bridge-instance and Vlans."
		},
		{
			"from": "edge-router",
			"to": "lsr-config",
			"label": "org.onap.relationships.inventory.BelongsTo",
			"direction": "OUT",
			"multiplicity": "ONE2ONE",
			"contains-other-v": "${direction}",
			"delete-other-v": "${direction}",
			"prevent-delete": "NONE",
			"SVC-INFRA": "NONE",
			"default": "true",
			"description": "Edge b/w Edge Router and LSR Config."
		},
		{
			"from": "network-device",
			"to": "ldp-config",
			"label": "org.onap.relationships.inventory.BelongsTo",
			"direction": "OUT",
			"multiplicity": "ONE2ONE",
			"contains-other-v": "${direction}",
			"delete-other-v": "${direction}",
			"prevent-delete": "NONE",
			"SVC-INFRA": "NONE",
			"default": "true",
			"description": "Edge b/w Edge Router and LDP Config."
		},
		{
			"from": "network-device",
			"to": "mpls-config",
			"label": "org.onap.relationships.inventory.BelongsTo",
			"direction": "OUT",
			"multiplicity": "ONE2ONE",
			"contains-other-v": "${direction}",
			"delete-other-v": "${direction}",
			"prevent-delete": "NONE",
			"SVC-INFRA": "NONE",
			"default": "true",
			"description": "Edge b/w Edge Router and MPLS Config."
		},
		{
			"from": "edge-router",
			"to": "mpls-tunnel-config",
			"label": "org.onap.relationships.inventory.BelongsTo",
			"direction": "OUT",
			"multiplicity": "ONE2ONE",
			"contains-other-v": "${direction}",
			"delete-other-v": "${direction}",
			"prevent-delete": "NONE",
			"SVC-INFRA": "NONE",
			"default": "true",
			"description": "Edge b/w Edge Router and MPLS Tunnel Config."
		},
		{
			"from": "edge-router",
			"to": "mpls-tunnel-stats",
			"label": "org.onap.relationships.inventory.BelongsTo",
			"direction": "OUT",
			"multiplicity": "ONE2ONE",
			"contains-other-v": "${direction}",
			"delete-other-v": "${direction}",
			"prevent-delete": "NONE",
			"SVC-INFRA": "NONE",
			"default": "true",
			"description": "Edge b/w Edge Router and MPLS Tunnel Stats"
		},
		{
			"from": "network-device",
			"to": "l2-vpn-config",
			"label": "org.onap.relationships.inventory.BelongsTo",
			"direction": "OUT",
			"multiplicity": "ONE2ONE",
			"contains-other-v": "${direction}",
			"delete-other-v": "${direction}",
			"prevent-delete": "NONE",
			"SVC-INFRA": "NONE",
			"default": "true",
			"description": "Edge b/w Edge Router and MPLS L2VPN Config."
		},
		{
			"from": "edge-router",
			"to": "in-segment",
			"label": "org.onap.relationships.inventory.BelongsTo",
			"direction": "OUT",
			"multiplicity": "ONE2MANY",
			"contains-other-v": "${direction}",
			"delete-other-v": "${direction}",
			"prevent-delete": "NONE",
			"SVC-INFRA": "NONE",
			"default": "true",
			"description": "Edge b/w Edge Router and In Segment"
		},
		{
			"from": "in-segment",
			"to": "ietf-interface",
			"label": "org.onap.relationships.inventory.BelongsTo",
			"direction": "OUT",
			"multiplicity": "MANY2MANY",
			"contains-other-v": "NONE",
			"delete-other-v": "!${direction}",
			"prevent-delete": "NONE",
			"SVC-INFRA": "NONE",
			"default": "true",
			"description": "Edge b/w In Segment and Ietf Interface"
		},
		{
			"from": "out-segment",
			"to": "ietf-interface",
			"label": "org.onap.relationships.inventory.BelongsTo",
			"direction": "OUT",
			"multiplicity": "MANY2MANY",
			"contains-other-v": "NONE",
			"delete-other-v": "!${direction}",
			"prevent-delete": "NONE",
			"SVC-INFRA": "NONE",
			"default": "true",
			"description": "Edge b/w Out Segment and Ietf Interface"
		},
		{
			"from": "edge-router",
			"to": "in-segment-stat-entry",
			"label": "org.onap.relationships.inventory.BelongsTo",
			"direction": "OUT",
			"multiplicity": "ONE2MANY",
			"contains-other-v": "${direction}",
			"delete-other-v": "${direction}",
			"prevent-delete": "NONE",
			"SVC-INFRA": "NONE",
			"default": "true",
			"description": "Edge b/w Edge Router and In Segment Stat Entry"
		},
		{
			"from": "in-segment",
			"to": "in-segment-stat-entry",
			"label": "org.onap.relationships.inventory.BelongsTo",
			"direction": "OUT",
			"multiplicity": "ONE2ONE",
			"contains-other-v": "NONE",
			"delete-other-v": "${direction}",
			"prevent-delete": "NONE",
			"SVC-INFRA": "NONE",
			"default": "true",
			"description": "Edge b/w In Segment and In Segment Stat Entry"
		},
		{
			"from": "out-segment",
			"to": "out-segment-stat-entry",
			"label": "org.onap.relationships.inventory.BelongsTo",
			"direction": "OUT",
			"multiplicity": "ONE2ONE",
			"contains-other-v": "NONE",
			"delete-other-v": "${direction}",
			"prevent-delete": "NONE",
			"SVC-INFRA": "NONE",
			"default": "true",
			"description": "Edge b/w Out Segment and Out Segment Stat Entry"
		},
		{
			"from": "edge-router",
			"to": "out-segment-stat-entry",
			"label": "org.onap.relationships.inventory.BelongsTo",
			"direction": "OUT",
			"multiplicity": "ONE2MANY",
			"contains-other-v": "${direction}",
			"delete-other-v": "${direction}",
			"prevent-delete": "NONE",
			"SVC-INFRA": "NONE",
			"default": "true",
			"description": "Edge b/w Edge Router and Out Segment Stat Entry"
		},
		{
			"from": "edge-router",
			"to": "out-segment",
			"label": "org.onap.relationships.inventory.BelongsTo",
			"direction": "OUT",
			"multiplicity": "ONE2MANY",
			"contains-other-v": "${direction}",
			"delete-other-v": "${direction}",
			"prevent-delete": "NONE",
			"SVC-INFRA": "NONE",
			"default": "true",
			"description": "Edge b/w Edge Router and Out Segment Stat Entry"
		},
		{
			"from": "edge-router",
			"to": "cross-connect",
			"label": "org.onap.relationships.inventory.BelongsTo",
			"direction": "OUT",
			"multiplicity": "ONE2MANY",
			"contains-other-v": "${direction}",
			"delete-other-v": "${direction}",
			"prevent-delete": "NONE",
			"SVC-INFRA": "NONE",
			"default": "true",
			"description": "Edge b/w Edge Router and Cross Connect"
		},
		{
			"from": "edge-router",
			"to": "cross-connect-notification",
			"label": "org.onap.relationships.inventory.BelongsTo",
			"direction": "OUT",
			"multiplicity": "ONE2MANY",
			"contains-other-v": "${direction}",
			"delete-other-v": "${direction}",
			"prevent-delete": "NONE",
			"SVC-INFRA": "NONE",
			"default": "true",
			"description": "Edge b/w Edge Router and Cross Connect Notification"
		},
		{
			"from": "network-device",
			"to": "ldp-entity",
			"label": "org.onap.relationships.inventory.BelongsTo",
			"direction": "OUT",
			"multiplicity": "ONE2MANY",
			"contains-other-v": "${direction}",
			"delete-other-v": "${direction}",
			"prevent-delete": "NONE",
			"SVC-INFRA": "NONE",
			"default": "true",
			"description": "Edge b/w Edge Router and LDP Entity"
		},
		{
			"from": "edge-router",
			"to": "ldp-entity-stat-entry",
			"label": "org.onap.relationships.inventory.BelongsTo",
			"direction": "OUT",
			"multiplicity": "ONE2MANY",
			"contains-other-v": "${direction}",
			"delete-other-v": "${direction}",
			"prevent-delete": "NONE",
			"SVC-INFRA": "NONE",
			"default": "true",
			"description": "Edge b/w Edge Router and LSP Entity Stat Entry"
		},
		{
			"from": "edge-router",
			"to": "ldp-entity-notification",
			"label": "org.onap.relationships.inventory.BelongsTo",
			"direction": "OUT",
			"multiplicity": "ONE2MANY",
			"contains-other-v": "${direction}",
			"delete-other-v": "${direction}",
			"prevent-delete": "NONE",
			"SVC-INFRA": "NONE",
			"default": "true",
			"description": "Edge b/w Edge Router and LDP Entity Notification"
		},
		{
			"from": "network-device",
			"to": "ldp-peer",
			"label": "org.onap.relationships.inventory.BelongsTo",
			"direction": "OUT",
			"multiplicity": "ONE2MANY",
			"contains-other-v": "${direction}",
			"delete-other-v": "${direction}",
			"prevent-delete": "NONE",
			"SVC-INFRA": "NONE",
			"default": "true",
			"description": "Edge b/w Edge Router and LDP Peer"
		},
		{
			"from": "ldp-session",
			"to": "ldp-peer",
			"label": "org.onap.relationships.inventory.BelongsTo",
			"direction": "OUT",
			"multiplicity": "ONE2ONE",
			"contains-other-v": "NONE",
			"delete-other-v": "${direction}",
			"prevent-delete": "NONE",
			"SVC-INFRA": "NONE",
			"default": "true",
			"description": "Edge b/w LDP Session and LDP Peer"
		},
		{
			"from": "edge-router",
			"to": "ldp-session",
			"label": "org.onap.relationships.inventory.BelongsTo",
			"direction": "OUT",
			"multiplicity": "ONE2MANY",
			"contains-other-v": "${direction}",
			"delete-other-v": "${direction}",
			"prevent-delete": "NONE",
			"SVC-INFRA": "NONE",
			"default": "true",
			"description": "Edge b/w Edge Router and LDP Session"
		},
		{
			"from": "ldp-session",
			"to": "ldp-session-stat-entry",
			"label": "org.onap.relationships.inventory.BelongsTo",
			"direction": "OUT",
			"multiplicity": "ONE2ONE",
			"contains-other-v": "NONE",
			"delete-other-v": "${direction}",
			"prevent-delete": "NONE",
			"SVC-INFRA": "NONE",
			"default": "true",
			"description": "Edge b/w LDP Session and LDP Session Stat Entry"
		},
		{
			"from": "edge-router",
			"to": "ldp-session-stat-entry",
			"label": "org.onap.relationships.inventory.BelongsTo",
			"direction": "OUT",
			"multiplicity": "ONE2MANY",
			"contains-other-v": "${direction}",
			"delete-other-v": "${direction}",
			"prevent-delete": "NONE",
			"SVC-INFRA": "NONE",
			"default": "true",
			"description": "Edge b/w Edge Router and LDP Session Stat Entry"
		},
		{
			"from": "edge-router",
			"to": "ldp-session-notification",
			"label": "org.onap.relationships.inventory.BelongsTo",
			"direction": "OUT",
			"multiplicity": "ONE2MANY",
			"contains-other-v": "${direction}",
			"delete-other-v": "${direction}",
			"prevent-delete": "NONE",
			"SVC-INFRA": "NONE",
			"default": "true",
			"description": "Edge b/w Edge Router and LDP Session Notification"
		},
		{
			"from": "edge-router",
			"to": "mpls-interface-stat-entry",
			"label": "org.onap.relationships.inventory.BelongsTo",
			"direction": "OUT",
			"multiplicity": "ONE2MANY",
			"contains-other-v": "${direction}",
			"delete-other-v": "${direction}",
			"prevent-delete": "NONE",
			"SVC-INFRA": "NONE",
			"default": "true",
			"description": "Edge b/w Edge Router and MPLS Interface Stat Entry"
		},
		{
			"from": "network-device",
			"to": "mpls-tunnel",
			"label": "org.onap.relationships.inventory.BelongsTo",
			"direction": "OUT",
			"multiplicity": "ONE2MANY",
			"contains-other-v": "${direction}",
			"delete-other-v": "${direction}",
			"prevent-delete": "NONE",
			"SVC-INFRA": "NONE",
			"default": "true",
			"description": "Edge b/w Edge Router and MPLS Tunnel"
		},
		{
			"from": "network-device",
			"to": "bgp-peer-stat-entry",
			"label": "org.onap.relationships.inventory.BelongsTo",
			"direction": "OUT",
			"multiplicity": "ONE2MANY",
			"contains-other-v": "${direction}",
			"delete-other-v": "${direction}",
			"prevent-delete": "NONE",
			"SVC-INFRA": "NONE",
			"default": "true",
			"description": "Edge b/w Edge Router and BGP Peer Stat"
		},
		{
			"from": "edge-router",
			"to": "tunnel-stat-entry",
			"label": "org.onap.relationships.inventory.BelongsTo",
			"direction": "OUT",
			"multiplicity": "ONE2MANY",
			"contains-other-v": "${direction}",
			"delete-other-v": "${direction}",
			"prevent-delete": "NONE",
			"SVC-INFRA": "NONE",
			"default": "true",
			"description": "Edge b/w Edge Router and Tunnel Stat Entry"
		},
		{
			"from": "edge-router",
			"to": "mpls-tunnel-notification",
			"label": "org.onap.relationships.inventory.BelongsTo",
			"direction": "OUT",
			"multiplicity": "ONE2MANY",
			"contains-other-v": "${direction}",
			"delete-other-v": "${direction}",
			"prevent-delete": "NONE",
			"SVC-INFRA": "NONE",
			"default": "true",
			"description": "Edge b/w Edge Router and MPLS Tunnel Notification"
		},
		{
			"from": "edge-router",
			"to": "mpls-l2-vpn-stats",
			"label": "org.onap.relationships.inventory.BelongsTo",
			"direction": "OUT",
			"multiplicity": "ONE2MANY",
			"contains-other-v": "${direction}",
			"delete-other-v": "${direction}",
			"prevent-delete": "NONE",
			"SVC-INFRA": "NONE",
			"default": "true",
			"description": "Edge b/w Edge Router and MPLS L2VPN Stat Entry"
		},
		{
			"from": "cross-connect",
			"to": "in-segment",
			"label": "org.onap.relationships.inventory.BelongsTo",
			"direction": "OUT",
			"multiplicity": "ONE2ONE",
			"contains-other-v": "NONE",
			"delete-other-v": "!${direction}",
			"prevent-delete": "NONE",
			"SVC-INFRA": "NONE",
			"default": "true",
			"description": "Edge b/w Cross Connect and In Segment"
		},
		{
			"from": "cross-connect",
			"to": "out-segment",
			"label": "org.onap.relationships.inventory.BelongsTo",
			"direction": "OUT",
			"multiplicity": "ONE2ONE",
			"contains-other-v": "NONE",
			"delete-other-v": "!${direction}",
			"prevent-delete": "NONE",
			"SVC-INFRA": "NONE",
			"default": "true",
			"description": "Edge b/w Cross Connect and Out Segment"
		},
		{
			"from": "lsp",
			"to": "mpls-tunnel",
			"label": "org.onap.relationships.inventory.BelongsTo",
			"direction": "OUT",
			"multiplicity": "MANY2ONE",
			"contains-other-v": "NONE",
			"delete-other-v": "NONE",
			"prevent-delete": "NONE",
			"SVC-INFRA": "NONE",
			"default": "true",
			"description": "Edge b/w LSP & MPLS Tunnel"
		},
		{
			"from": "mpls-tunnel",
			"to": "tunnel-stat-entry",
			"label": "org.onap.relationships.inventory.BelongsTo",
			"direction": "OUT",
			"multiplicity": "ONE2MANY",
			"contains-other-v": "NONE",
			"delete-other-v": "${direction}",
			"prevent-delete": "NONE",
			"SVC-INFRA": "NONE",
			"default": "true",
			"description": "Edge b/w Mpls Tunnel and Tunnel Stat Entry"
		},
		{
			"from": "network-device",
			"to": "l2-vpn-instance",
			"label": "org.onap.relationships.inventory.BelongsTo",
			"direction": "OUT",
			"multiplicity": "ONE2MANY",
			"contains-other-v": "${direction}",
			"delete-other-v": "${direction}",
			"prevent-delete": "NONE",
			"SVC-INFRA": "NONE",
			"default": "true",
			"description": "Edge b/w Edge Router and L2 VPN Instance."
		},
		{
			"from": "l2-vpn-instance",
			"to": "n-node",
			"label": "org.onap.relationships.inventory.BelongsTo",
			"direction": "OUT",
			"multiplicity": "ONE2MANY",
			"contains-other-v": "NONE",
			"delete-other-v": "${direction}",
			"prevent-delete": "NONE",
			"SVC-INFRA": "NONE",
			"default": "true",
			"description": "Edge b/w L2 VPN Instance and NNode."
		},
		{
			"from": "l2-vpn-instance",
			"to": "l2-vpn-instance",
			"label": "org.onap.relationships.inventory.BelongsTo",
			"direction": "OUT",
			"multiplicity": "MANY2MANY",
			"contains-other-v": "NONE",
			"delete-other-v": "NONE",
			"prevent-delete": "NONE",
			"SVC-INFRA": "NONE",
			"default": "true",
			"description": "Edge b/w L2 VPN Instance and L2 VPN Instance."
		},
		{
			"from": "l2-vpn-instance",
			"to": "lsp",
			"label": "org.onap.relationships.inventory.BelongsTo",
			"direction": "OUT",
			"multiplicity": "MANY2MANY",
			"contains-other-v": "NONE",
			"delete-other-v": "NONE",
			"prevent-delete": "NONE",
			"SVC-INFRA": "NONE",
			"default": "true",
			"description": "Edge b/w L2 VPN Instance and LSP."
		},
		{
			"from": "l2-vpn-instance",
			"to": "attachment-circuit",
			"label": "org.onap.relationships.inventory.BelongsTo",
			"direction": "OUT",
			"multiplicity": "MANY2MANY",
			"contains-other-v": "NONE",
			"delete-other-v": "NONE",
			"prevent-delete": "NONE",
			"SVC-INFRA": "NONE",
			"default": "true",
			"description": "Edge b/w L2 VPN Instance and Attachment Circuit."
		},
		{
			"from": "vlan",
			"to": "attachment-circuit",
			"label": "org.onap.relationships.inventory.BelongsTo",
			"direction": "OUT",
			"multiplicity": "ONE2MANY",
			"contains-other-v": "NONE",
			"delete-other-v": "NONE",
			"prevent-delete": "NONE",
			"SVC-INFRA": "NONE",
			"default": "true",
			"description": "Edge b/w VLAN and Attachment Circuit."
		},
		{
			"from": "network-device",
			"to": "l3-vpn-config",
			"label": "org.onap.relationships.inventory.BelongsTo",
			"direction": "OUT",
			"multiplicity": "ONE2ONE",
			"contains-other-v": "${direction}",
			"delete-other-v": "${direction}",
			"prevent-delete": "NONE",
			"SVC-INFRA": "NONE",
			"default": "true",
			"description": "Edge b/w Edge Router and Mpls L3vpn Config."
		},
		{
			"from": "edge-router",
			"to": "mpls-l3-vpn-stats",
			"label": "org.onap.relationships.inventory.BelongsTo",
			"direction": "OUT",
			"multiplicity": "ONE2ONE",
			"contains-other-v": "${direction}",
			"delete-other-v": "${direction}",
			"prevent-delete": "NONE",
			"SVC-INFRA": "NONE",
			"default": "true",
			"description": "Edge b/w Edge Router and Mpls L3vpn Stats."
		},
		{
			"from": "network-device",
			"to": "l3-vpn-instance",
			"label": "org.onap.relationships.inventory.BelongsTo",
			"direction": "OUT",
			"multiplicity": "ONE2MANY",
			"contains-other-v": "${direction}",
			"delete-other-v": "${direction}",
			"prevent-delete": "NONE",
			"SVC-INFRA": "NONE",
			"default": "true",
			"description": "Edge b/w Edge Router and L3vpn Instance."
		},
		{
			"from": "edge-router",
			"to": "l3-vpn-instance-stat-entry",
			"label": "org.onap.relationships.inventory.BelongsTo",
			"direction": "OUT",
			"multiplicity": "ONE2MANY",
			"contains-other-v": "${direction}",
			"delete-other-v": "${direction}",
			"prevent-delete": "NONE",
			"SVC-INFRA": "NONE",
			"default": "true",
			"description": "Edge b/w Edge Router and L3vpn Instance Stat Entry."
		},
		{
			"from": "edge-router",
			"to": "l3-vpn-route-target",
			"label": "org.onap.relationships.inventory.BelongsTo",
			"direction": "OUT",
			"multiplicity": "ONE2MANY",
			"contains-other-v": "${direction}",
			"delete-other-v": "${direction}",
			"prevent-delete": "NONE",
			"SVC-INFRA": "NONE",
			"default": "true",
			"description": "Edge b/w Edge Router and L3vpn Route Target."
		},
		{
			"from": "edge-router",
			"to": "l3-vpn-route",
			"label": "org.onap.relationships.inventory.BelongsTo",
			"direction": "OUT",
			"multiplicity": "ONE2MANY",
			"contains-other-v": "${direction}",
			"delete-other-v": "${direction}",
			"prevent-delete": "NONE",
			"SVC-INFRA": "NONE",
			"default": "true",
			"description": "Edge b/w Edge Router and L3vpn Route."
		},
		{
			"from": "edge-router",
			"to": "l3-vpn-interface-config-entry",
			"label": "org.onap.relationships.inventory.BelongsTo",
			"direction": "OUT",
			"multiplicity": "ONE2MANY",
			"contains-other-v": "${direction}",
			"delete-other-v": "${direction}",
			"prevent-delete": "NONE",
			"SVC-INFRA": "NONE",
			"default": "true",
			"description": "Edge b/w Edge Router and L3vpn Interface Config Entry."
		},
		{
			"from": "network-device",
			"to": "bgp-instance",
			"label": "org.onap.relationships.inventory.BelongsTo",
			"direction": "OUT",
			"multiplicity": "ONE2MANY",
			"contains-other-v": "${direction}",
			"delete-other-v": "${direction}",
			"prevent-delete": "NONE",
			"SVC-INFRA": "NONE",
			"default": "true",
			"description": "Edge b/w Edge Router and BGP Config"
		},
		{
			"from": "network-device",
			"to": "bgp-rrd-config",
			"label": "org.onap.relationships.inventory.BelongsTo",
			"direction": "OUT",
			"multiplicity": "ONE2MANY",
			"contains-other-v": "${direction}",
			"delete-other-v": "${direction}",
			"prevent-delete": "NONE",
			"SVC-INFRA": "NONE",
			"default": "true",
			"description": "Edge b/w Edge Router and BGP RRD Config"
		},
		{
			"from": "edge-router",
			"to": "bgp-rrd-metric",
			"label": "org.onap.relationships.inventory.BelongsTo",
			"direction": "OUT",
			"multiplicity": "ONE2MANY",
			"contains-other-v": "${direction}",
			"delete-other-v": "${direction}",
			"prevent-delete": "NONE",
			"SVC-INFRA": "NONE",
			"default": "true",
			"description": "Edge b/w Edge Router and BGP RRD Metric"
		},
		{
			"from": "edge-router",
			"to": "bgp-rfl-config",
			"label": "org.onap.relationships.inventory.BelongsTo",
			"direction": "OUT",
			"multiplicity": "ONE2MANY",
			"contains-other-v": "${direction}",
			"delete-other-v": "${direction}",
			"prevent-delete": "NONE",
			"SVC-INFRA": "NONE",
			"default": "true",
			"description": "Edge b/w Edge Router and BGP RFL Config"
		},
		{
			"from": "edge-router",
			"to": "bgp-rfd-config",
			"label": "org.onap.relationships.inventory.BelongsTo",
			"direction": "OUT",
			"multiplicity": "ONE2MANY",
			"contains-other-v": "${direction}",
			"delete-other-v": "${direction}",
			"prevent-delete": "NONE",
			"SVC-INFRA": "NONE",
			"default": "true",
			"description": "Edge b/w Edge Router and BGP RFD Config"
		},
		{
			"from": "network-device",
			"to": "bgp-peer",
			"label": "org.onap.relationships.inventory.BelongsTo",
			"direction": "OUT",
			"multiplicity": "ONE2MANY",
			"contains-other-v": "${direction}",
			"delete-other-v": "${direction}",
			"prevent-delete": "NONE",
			"SVC-INFRA": "NONE",
			"default": "true",
			"description": "Edge b/w Edge Router and BGP Peer"
		},
		{
			"from": "bgp-instance",
			"to": "bgp-peer",
			"label": "org.onap.relationships.inventory.BelongsTo",
			"direction": "OUT",
			"multiplicity": "ONE2MANY",
			"contains-other-v": "NONE",
			"delete-other-v": "${direction}",
			"prevent-delete": "NONE",
			"SVC-INFRA": "NONE",
			"default": "true",
			"description": "Edge b/w BGP Instance and BGP Peer"
		},
		{
			"from": "edge-router",
			"to": "bgp-peer-stat-entry",
			"label": "org.onap.relationships.inventory.BelongsTo",
			"direction": "OUT",
			"multiplicity": "ONE2MANY",
			"contains-other-v": "${direction}",
			"delete-other-v": "${direction}",
			"prevent-delete": "NONE",
			"SVC-INFRA": "NONE",
			"default": "true",
			"description": "Edge b/w Edge Router and BGP Peer Stat Entry"
		},
		{
			"from": "edge-router",
			"to": "bgp-peer-group",
			"label": "org.onap.relationships.inventory.BelongsTo",
			"direction": "OUT",
			"multiplicity": "ONE2MANY",
			"contains-other-v": "${direction}",
			"delete-other-v": "${direction}",
			"prevent-delete": "NONE",
			"SVC-INFRA": "NONE",
			"default": "true",
			"description": "Edge b/w Edge Router and BGP Peer Group"
		},
		{
			"from": "edge-router",
			"to": "bgp-route-refresh-inbound",
			"label": "org.onap.relationships.inventory.BelongsTo",
			"direction": "OUT",
			"multiplicity": "ONE2MANY",
			"contains-other-v": "${direction}",
			"delete-other-v": "${direction}",
			"prevent-delete": "NONE",
			"SVC-INFRA": "NONE",
			"default": "true",
			"description": "Edge b/w Edge Router and BGP Route Refresh Inbound"
		},
		{
			"from": "edge-router",
			"to": "bgp-route-refresh-stat-entry",
			"label": "org.onap.relationships.inventory.BelongsTo",
			"direction": "OUT",
			"multiplicity": "ONE2MANY",
			"contains-other-v": "${direction}",
			"delete-other-v": "${direction}",
			"prevent-delete": "NONE",
			"SVC-INFRA": "NONE",
			"default": "true",
			"description": "Edge b/w Edge Router and BGP Route Refresh Stat Entry"
		},
		{
			"from": "edge-router",
			"to": "bgp-vpn-vrf-route-target",
			"label": "org.onap.relationships.inventory.BelongsTo",
			"direction": "OUT",
			"multiplicity": "ONE2MANY",
			"contains-other-v": "${direction}",
			"delete-other-v": "${direction}",
			"prevent-delete": "NONE",
			"SVC-INFRA": "NONE",
			"default": "true",
			"description": "Edge b/w Edge Router and BGP VPN VRF Route Target"
		},
		{
			"from": "edge-router",
			"to": "bgp-vpn-vrf-redistribution",
			"label": "org.onap.relationships.inventory.BelongsTo",
			"direction": "OUT",
			"multiplicity": "ONE2MANY",
			"contains-other-v": "${direction}",
			"delete-other-v": "${direction}",
			"prevent-delete": "NONE",
			"SVC-INFRA": "NONE",
			"default": "true",
			"description": "Edge b/w Edge Router and BGP VPN VRF Redistribution"
		},
		{
			"from": "edge-router",
			"to": "bgp-vpn-vrf-reflector-route-target",
			"label": "org.onap.relationships.inventory.BelongsTo",
			"direction": "OUT",
			"multiplicity": "ONE2MANY",
			"contains-other-v": "${direction}",
			"delete-other-v": "${direction}",
			"prevent-delete": "NONE",
			"SVC-INFRA": "NONE",
			"default": "true",
			"description": "Edge b/w Edge Router and BGP VPN VRF Reflector Route Target"
		},
		{
			"from": "edge-router",
			"to": "bgp-neighbour-route-map",
			"label": "org.onap.relationships.inventory.BelongsTo",
			"direction": "OUT",
			"multiplicity": "ONE2MANY",
			"contains-other-v": "${direction}",
			"delete-other-v": "${direction}",
			"prevent-delete": "NONE",
			"SVC-INFRA": "NONE",
			"default": "true",
			"description": "Edge b/w Edge Router and BGP Neighbour Route Map"
		},
		{
			"from": "network-device",
			"to": "ospf-instance",
			"label": "org.onap.relationships.inventory.BelongsTo",
			"direction": "OUT",
			"multiplicity": "ONE2MANY",
			"contains-other-v": "${direction}",
			"delete-other-v": "${direction}",
			"prevent-delete": "NONE",
			"SVC-INFRA": "NONE",
			"default": "true",
			"description": "Edge b/w Edge Router and OSPF Config"
		},
		{
			"from": "ospf-instance",
			"to": "ospf-neighbour",
			"label": "org.onap.relationships.inventory.BelongsTo",
			"direction": "OUT",
			"multiplicity": "ONE2MANY",
			"contains-other-v": "NONE",
			"delete-other-v": "${direction}",
			"prevent-delete": "NONE",
			"SVC-INFRA": "NONE",
			"default": "true",
			"description": "Edge b/w OSPF Neighbour and OSPF Config"
		},
		{
			"from": "edge-router",
			"to": "ospf-config-stats",
			"label": "org.onap.relationships.inventory.BelongsTo",
			"direction": "OUT",
			"multiplicity": "ONE2MANY",
			"contains-other-v": "${direction}",
			"delete-other-v": "${direction}",
			"prevent-delete": "NONE",
			"SVC-INFRA": "NONE",
			"default": "true",
			"description": "Edge b/w Edge Router and OSPF Config Stats"
		},
		{
			"from": "edge-router",
			"to": "ospf-area",
			"label": "org.onap.relationships.inventory.BelongsTo",
			"direction": "OUT",
			"multiplicity": "ONE2MANY",
			"contains-other-v": "${direction}",
			"delete-other-v": "${direction}",
			"prevent-delete": "NONE",
			"SVC-INFRA": "NONE",
			"default": "true",
			"description": "Edge b/w Edge Router and OSPF Area"
		},
		{
			"from": "edge-router",
			"to": "ospf-area-stats",
			"label": "org.onap.relationships.inventory.BelongsTo",
			"direction": "OUT",
			"multiplicity": "ONE2MANY",
			"contains-other-v": "${direction}",
			"delete-other-v": "${direction}",
			"prevent-delete": "NONE",
			"SVC-INFRA": "NONE",
			"default": "true",
			"description": "Edge b/w Edge Router and OSPF Area Stats"
		},
		{
			"from": "edge-router",
			"to": "ospf-host",
			"label": "org.onap.relationships.inventory.BelongsTo",
			"direction": "OUT",
			"multiplicity": "ONE2MANY",
			"contains-other-v": "${direction}",
			"delete-other-v": "${direction}",
			"prevent-delete": "NONE",
			"SVC-INFRA": "NONE",
			"default": "true",
			"description": "Edge b/w Edge Router and OSPF Host"
		},
		{
			"from": "network-device",
			"to": "ospf-neighbour",
			"label": "org.onap.relationships.inventory.BelongsTo",
			"direction": "OUT",
			"multiplicity": "ONE2MANY",
			"contains-other-v": "${direction}",
			"delete-other-v": "${direction}",
			"prevent-delete": "NONE",
			"SVC-INFRA": "NONE",
			"default": "true",
			"description": "Edge b/w Edge Router and OSPF Neighbour"
		},
		{
			"from": "network-device",
			"to": "ospf-neighbour-stat-entry",
			"label": "org.onap.relationships.inventory.BelongsTo",
			"direction": "OUT",
			"multiplicity": "ONE2MANY",
			"contains-other-v": "${direction}",
			"delete-other-v": "${direction}",
			"prevent-delete": "NONE",
			"SVC-INFRA": "NONE",
			"default": "true",
			"description": "Edge b/w Network Device and OSPF Neighbour Stat Entry"
		},
		{
			"from": "edge-router",
			"to": "lsa",
			"label": "org.onap.relationships.inventory.BelongsTo",
			"direction": "OUT",
			"multiplicity": "ONE2MANY",
			"contains-other-v": "${direction}",
			"delete-other-v": "${direction}",
			"prevent-delete": "NONE",
			"SVC-INFRA": "NONE",
			"default": "true",
			"description": "Edge b/w Edge Router and LSA"
		},
		{
			"from": "network-device",
			"to": "rrd-route-config",
			"label": "org.onap.relationships.inventory.BelongsTo",
			"direction": "OUT",
			"multiplicity": "ONE2MANY",
			"contains-other-v": "${direction}",
			"delete-other-v": "${direction}",
			"prevent-delete": "NONE",
			"SVC-INFRA": "NONE",
			"default": "true",
			"description": "Edge b/w Edge Router and RRD Route Config"
		},
		{
			"from": "ospf-instance",
			"to": "rrd-route-config",
			"label": "org.onap.relationships.inventory.BelongsTo",
			"direction": "OUT",
			"multiplicity": "ONE2MANY",
			"contains-other-v": "NONE",
			"delete-other-v": "${direction}",
			"prevent-delete": "NONE",
			"SVC-INFRA": "NONE",
			"default": "true",
			"description": "Edge b/w OSPF Instance and RRD Route Config"
		},
		{
			"from": "edge-router",
			"to": "rrd-route-metric",
			"label": "org.onap.relationships.inventory.BelongsTo",
			"direction": "OUT",
			"multiplicity": "ONE2MANY",
			"contains-other-v": "${direction}",
			"delete-other-v": "${direction}",
			"prevent-delete": "NONE",
			"SVC-INFRA": "NONE",
			"default": "true",
			"description": "Edge b/w Edge Router and RRD Route Metric"
		},
		{
			"from": "edge-router",
			"to": "ospf-interface",
			"label": "org.onap.relationships.inventory.BelongsTo",
			"direction": "OUT",
			"multiplicity": "ONE2MANY",
			"contains-other-v": "${direction}",
			"delete-other-v": "${direction}",
			"prevent-delete": "NONE",
			"SVC-INFRA": "NONE",
			"default": "true",
			"description": "Edge b/w Edge Router and OSPF Interface"
		},
		{
			"from": "edge-router",
			"to": "ospf-interface-stat-entry",
			"label": "org.onap.relationships.inventory.BelongsTo",
			"direction": "OUT",
			"multiplicity": "ONE2MANY",
			"contains-other-v": "${direction}",
			"delete-other-v": "${direction}",
			"prevent-delete": "NONE",
			"SVC-INFRA": "NONE",
			"default": "true",
			"description": "Edge b/w Edge Router and OSPF Interface Stat Entry"
		},
		{
			"from": "edge-router",
			"to": "ospf-route",
			"label": "org.onap.relationships.inventory.BelongsTo",
			"direction": "OUT",
			"multiplicity": "ONE2MANY",
			"contains-other-v": "${direction}",
			"delete-other-v": "${direction}",
			"prevent-delete": "NONE",
			"SVC-INFRA": "NONE",
			"default": "true",
			"description": "Edge b/w Edge Router and OSPF Route"
		},
		{
			"from": "edge-router",
			"to": "ospf-route-stat-entry",
			"label": "org.onap.relationships.inventory.BelongsTo",
			"direction": "OUT",
			"multiplicity": "ONE2MANY",
			"contains-other-v": "${direction}",
			"delete-other-v": "${direction}",
			"prevent-delete": "NONE",
			"SVC-INFRA": "NONE",
			"default": "true",
			"description": "Edge b/w Edge Router and OSPF Route Stat Entry"
		},
		{
			"from": "ospf-config",
			"to": "ospf-config-stats",
			"label": "org.onap.relationships.inventory.BelongsTo",
			"direction": "OUT",
			"multiplicity": "ONE2ONE",
			"contains-other-v": "NONE",
			"delete-other-v": "${direction}",
			"prevent-delete": "NONE",
			"SVC-INFRA": "NONE",
			"default": "true",
			"description": "Edge b/w OSPF Config and OSPF Config Stats"
		},
		{
			"from": "bgp-peer-group",
			"to": "bgp-peer",
			"label": "org.onap.relationships.inventory.BelongsTo",
			"direction": "OUT",
			"multiplicity": "MANY2MANY",
			"contains-other-v": "NONE",
			"delete-other-v": "NONE",
			"prevent-delete": "NONE",
			"SVC-INFRA": "NONE",
			"default": "true",
			"description": "Edge b/w BGP Peer Group and BGP Peer"
		},
		{
			"from": "bgp-peer",
			"to": "bgp-peer-stat-entry",
			"label": "org.onap.relationships.inventory.BelongsTo",
			"direction": "OUT",
			"multiplicity": "ONE2MANY",
			"contains-other-v": "NONE",
			"delete-other-v": "${direction}",
			"prevent-delete": "NONE",
			"SVC-INFRA": "NONE",
			"default": "true",
			"description": "Edge b/w BGP Peer and BGP Peer Stat Entry."
		},
		{
			"from": "bgp-peer",
			"to": "bgp-route-refresh-stat-entry",
			"label": "org.onap.relationships.inventory.BelongsTo",
			"direction": "OUT",
			"multiplicity": "ONE2MANY",
			"contains-other-v": "NONE",
			"delete-other-v": "${direction}",
			"prevent-delete": "NONE",
			"SVC-INFRA": "NONE",
			"default": "true",
			"description": "Edge b/w BGP Peer and BGP Route Refresh Stat Entry."
		},
		{
			"from": "bgp-peer",
			"to": "bgp-route-refresh-inbound",
			"label": "org.onap.relationships.inventory.BelongsTo",
			"direction": "OUT",
			"multiplicity": "ONE2MANY",
			"contains-other-v": "NONE",
			"delete-other-v": "${direction}",
			"prevent-delete": "NONE",
			"SVC-INFRA": "NONE",
			"default": "true",
			"description": "Edge b/w BGP Peer and BGP Route Refresh Inbound"
		},
		{
			"from": "ospf-route",
			"to": "ospf-route-stat-entry",
			"label": "org.onap.relationships.inventory.BelongsTo",
			"direction": "OUT",
			"multiplicity": "ONE2MANY",
			"contains-other-v": "NONE",
			"delete-other-v": "NONE",
			"prevent-delete": "NONE",
			"SVC-INFRA": "NONE",
			"default": "true",
			"description": "Edge b/w OSPF Route and OSPF Route Stat Entry"
		},
		{
			"from": "mpls-l3-vpn-config",
			"to": "mpls-l3-vpn-stats",
			"label": "org.onap.relationships.inventory.BelongsTo",
			"direction": "OUT",
			"multiplicity": "ONE2ONE",
			"contains-other-v": "NONE",
			"delete-other-v": "${direction}",
			"prevent-delete": "NONE",
			"SVC-INFRA": "NONE",
			"default": "true",
			"description": "Edge b/w MPLS L3VPN Config and Mpls L3Vpn Stats."
		},
		{
			"from": "ospf-area",
			"to": "ospf-area-stats",
			"label": "org.onap.relationships.inventory.BelongsTo",
			"direction": "OUT",
			"multiplicity": "ONE2ONE",
			"contains-other-v": "${direction}",
			"delete-other-v": "${direction}",
			"prevent-delete": "NONE",
			"SVC-INFRA": "NONE",
			"default": "true",
			"description": "Edge b/w Ospf Area and Ospf Area Stats."
		},
		{
			"from": "ospf-area",
			"to": "lsa",
			"label": "org.onap.relationships.inventory.BelongsTo",
			"direction": "OUT",
			"multiplicity": "MANY2MANY",
			"contains-other-v": "NONE",
			"delete-other-v": "${direction}",
			"prevent-delete": "NONE",
			"SVC-INFRA": "NONE",
			"default": "true",
			"description": "Edge b/w Ospf Area and Edge Router."
		},
		{
			"from": "ospf-area",
			"to": "edge-router",
			"label": "org.onap.relationships.inventory.BelongsTo",
			"direction": "OUT",
			"multiplicity": "MANY2MANY",
			"contains-other-v": "NONE",
			"delete-other-v": "NONE",
			"prevent-delete": "NONE",
			"SVC-INFRA": "NONE",
			"default": "true",
			"description": "Edge b/w Ospf Area and Edge Router."
		},
		{
			"from": "l3-vpn-instance",
			"to": "l3-vpn-instance",
			"label": "org.onap.relationships.inventory.BelongsTo",
			"direction": "OUT",
			"multiplicity": "MANY2MANY",
			"contains-other-v": "NONE",
			"delete-other-v": "NONE",
			"prevent-delete": "NONE",
			"SVC-INFRA": "NONE",
			"default": "true",
			"description": "Edge b/w L3 VPN Instance and L3 VPN Instance."
		},
		{
			"from": "l3-vpn-instance",
			"to": "l3-vpn-route-target",
			"label": "org.onap.relationships.inventory.BelongsTo",
			"direction": "OUT",
			"multiplicity": "ONE2MANY",
			"contains-other-v": "NONE",
			"delete-other-v": "${direction}",
			"prevent-delete": "NONE",
			"SVC-INFRA": "NONE",
			"default": "true",
			"description": "Edge b/w L3vpn Instance and L3vpn Route Target."
		},
		{
			"from": "l3-vpn-instance",
			"to": "l3-vpn-route",
			"label": "org.onap.relationships.inventory.BelongsTo",
			"direction": "OUT",
			"multiplicity": "MANY2MANY",
			"contains-other-v": "NONE",
			"delete-other-v": "${direction}",
			"prevent-delete": "NONE",
			"SVC-INFRA": "NONE",
			"default": "true",
			"description": "Edge b/w L3vpn Instance and L3vpn Route."
		},
		{
			"from": "l3-vpn-route",
			"to": "ietf-interface",
			"label": "org.onap.relationships.inventory.BelongsTo",
			"direction": "OUT",
			"multiplicity": "MANY2MANY",
			"contains-other-v": "NONE",
			"delete-other-v": "!${direction}",
			"prevent-delete": "NONE",
			"SVC-INFRA": "NONE",
			"default": "true",
			"description": "Edge b/w L3vpn Route and Ietf Interface."
		},
		{
			"from": "vlan",
			"to": "ietf-interface",
			"label": "org.onap.relationships.inventory.BelongsTo",
			"direction": "OUT",
			"multiplicity": "MANY2MANY",
			"contains-other-v": "NONE",
			"delete-other-v": "NONE",
			"prevent-delete": "NONE",
			"SVC-INFRA": "NONE",
			"default": "true",
			"description": "Edge b/w VLAN and Ietf Interface."
		},
		{
			"from": "l3-vpn-route",
			"to": "link",
			"label": "org.onap.relationships.inventory.BelongsTo",
			"direction": "OUT",
			"multiplicity": "ONE2MANY",
			"contains-other-v": "NONE",
			"delete-other-v": "${direction}",
			"prevent-delete": "NONE",
			"SVC-INFRA": "NONE",
			"default": "true",
			"description": "Edge b/w L3vpn Route and Link."
		},
		{
			"from": "l3-vpn-instance",
			"to": "ietf-interface",
			"label": "org.onap.relationships.inventory.BelongsTo",
			"direction": "OUT",
			"multiplicity": "MANY2MANY",
			"contains-other-v": "NONE",
			"delete-other-v": "NONE",
			"prevent-delete": "NONE",
			"SVC-INFRA": "NONE",
			"default": "true",
			"description": "Edge b/w L3vpn Instance and ietf Interface."
		},
		{
			"from": "l3-vpn",
			"to": "l3-vpn-instance",
			"label": "org.onap.relationships.inventory.BelongsTo",
			"direction": "OUT",
			"multiplicity": "MANY2MANY",
			"contains-other-v": "NONE",
			"delete-other-v": "NONE",
			"prevent-delete": "NONE",
			"SVC-INFRA": "NONE",
			"default": "true",
			"description": "Edge b/w L3 Vpn and L3 Vpn Instance."
		},
		{
			"from": "l3-vpn",
			"to": "l3-vpn-route",
			"label": "org.onap.relationships.inventory.BelongsTo",
			"direction": "OUT",
			"multiplicity": "MANY2MANY",
			"contains-other-v": "NONE",
			"delete-other-v": "${direction}",
			"prevent-delete": "NONE",
			"SVC-INFRA": "NONE",
			"default": "true",
			"description": "Edge b/w L3 VPN and L3 VPN Route."
		},
		{
			"from": "l3-vpn",
			"to": "ietf-network",
			"label": "org.onap.relationships.inventory.BelongsTo",
			"direction": "OUT",
			"multiplicity": "MANY2MANY",
			"contains-other-v": "NONE",
			"delete-other-v": "NONE",
			"prevent-delete": "NONE",
			"SVC-INFRA": "NONE",
			"default": "true",
			"description": "Edge b/w L3 VPN and Ietf Network."
		},
		{
			"from": "l3-vpn-instance",
			"to": "n-node",
			"label": "org.onap.relationships.inventory.BelongsTo",
			"direction": "OUT",
			"multiplicity": "ONE2MANY",
			"contains-other-v": "NONE",
			"delete-other-v": "${direction}",
			"prevent-delete": "NONE",
			"SVC-INFRA": "NONE",
			"default": "true",
			"description": "Edge b/w L3 VPN Instance and NNode."
		},
		{
			"from": "audit-log",
			"to": "access-metadata",
			"label": "org.onap.relationships.inventory.BelongsTo",
			"direction": "OUT",
			"multiplicity": "ONE2ONE",
			"contains-other-v": "${direction}",
			"delete-other-v": "${direction}",
			"prevent-delete": "NONE",
			"SVC-INFRA": "NONE",
			"default": "true",
			"description": "Edge b/w Audit Log and Access Metadata"
		},
		{
			"from": "audit-log",
			"to": "resource-metadata",
			"label": "org.onap.relationships.inventory.BelongsTo",
			"direction": "OUT",
			"multiplicity": "ONE2ONE",
			"contains-other-v": "${direction}",
			"delete-other-v": "${direction}",
			"prevent-delete": "NONE",
			"SVC-INFRA": "NONE",
			"default": "true",
			"description": "Edge b/w Audit Log and Resource Metadata"
		},
		{
			"from": "rollback-unit",
			"to": "attributes",
			"label": "org.onap.relationships.inventory.BelongsTo",
			"direction": "OUT",
			"multiplicity": "ONE2MANY",
			"contains-other-v": "${direction}",
			"delete-other-v": "${direction}",
			"prevent-delete": "NONE",
			"SVC-INFRA": "NONE",
			"default": "true",
			"description": "Edge b/w Rollback Unit and Attributes."
		},
		{
			"from": "rollback-unit",
			"to": "rollback-unit",
			"label": "org.onap.relationships.inventory.BelongsTo",
			"direction": "OUT",
			"multiplicity": "MANY2MANY",
			"contains-other-v": "NONE",
			"delete-other-v": "${direction}",
			"prevent-delete": "NONE",
			"SVC-INFRA": "NONE",
			"default": "true",
			"description": "Edge b/w Rollback Unit and Attributes."
		},
		{
			"from": "user-account",
			"to": "event",
			"label": "org.onap.relationships.inventory.BelongsTo",
			"direction": "OUT",
			"multiplicity": "MANY2MANY",
			"contains-other-v": "NONE",
			"delete-other-v": "NONE",
			"prevent-delete": "NONE",
			"default": "false",
			"description": "Edge b/w User Accounts and Event with Edge Label BelongsTo"
		},
		{
			"from": "user-account",
			"to": "event",
			"label": "org.onap.relationships.inventory.Uses",
			"direction": "OUT",
			"multiplicity": "MANY2MANY",
			"contains-other-v": "NONE",
			"delete-other-v": "NONE",
			"prevent-delete": "NONE",
			"default": "true",
			"description": "Edge b/w User Accounts and Event with Edge Label Uses"
		},
		{
			"from": "access-role",
			"to": "action",
			"label": "org.onap.relationships.inventory.BelongsTo",
			"direction": "OUT",
			"multiplicity": "MANY2MANY",
			"contains-other-v": "NONE",
			"delete-other-v": "NONE",
			"prevent-delete": "NONE",
			"default": "true",
			"description": "Edge b/w Access Role and Action"
		},
		{
			"from": "access-role",
			"to": "feature",
			"label": "org.onap.relationships.inventory.BelongsTo",
			"direction": "OUT",
			"multiplicity": "MANY2MANY",
			"contains-other-v": "NONE",
			"delete-other-v": "NONE",
			"prevent-delete": "NONE",
			"default": "true",
			"description": "Edge b/w Access Role and Feature"
		},
		{
			"from": "access-role",
			"to": "privilege",
			"label": "org.onap.relationships.inventory.BelongsTo",
			"direction": "OUT",
			"multiplicity": "ONE2MANY",
			"contains-other-v": "${direction}",
			"delete-other-v": "NONE",
			"prevent-delete": "NONE",
			"default": "true",
			"description": "Edge b/w Access Role and Privilege"
		},
		{
			"from": "feature",
			"to": "action",
			"label": "org.onap.relationships.inventory.BelongsTo",
			"direction": "OUT",
			"multiplicity": "ONE2MANY",
			"contains-other-v": "NONE",
			"delete-other-v": "NONE",
			"prevent-delete": "NONE",
			"default": "true",
			"description": "Edge b/w Feature and Action"
		}
	]
}