{
    "network-overview" : [
        [
            { "name": "sites", "value": 16, "maxValue": 100 }
        ],
        [
            { "name": "networks", "value": 39, "maxValue": 100 }
        ],
        [
            { "name": "services", "value": 62, "maxValue": 100 }
        ],
        [
            { "name": "elements", "value": 428, "maxValue": 500 }
        ]
    ],
    "inventory-overview" : {
        "detailed" : {
            "pe-router" : 134,
            "ce-router" : 226,
            "p-router" : 56
        },
        "summary" : {
            "managed" : 408,
            "unmanaged" : 20
        }
    },
    "network-status" : {
        "resources":[
            [
                { "name": "ELEMENTS", "count": [0,134], "total": "134/428","maxValue":428,"color":"#394867"}
            ],
            [
                { "name": "NETWORKS", "count": [0,62], "total": "62/92","maxValue":92,"color":"#394867"}
            ],
            [
                { "name": "SERVICES", "count": [0,39], "total": "39/53","maxValue":53,"color":"#394867"}
            ]
        ],
        "links" : [
            [
                { "name": "LSPs", "count": [0,134], "total": "134/208","maxValue":208,"color":"#394867"}
            ],
            [
                { "name": "ROUTES", "count": [0,228], "total": "228/256","maxValue":256,"color":"#394867"}
            ],
            [
                { "name": "PATHS", "count": [0,103], "total": "103/137","maxValue":137,"color":"#394867"}
            ]
        ]
    },
    "alarm-event-summary" : {
        "alarms-summary" :{
            "critical" : 23,
            "major" : 43,
            "minor" : 165,
            "warning" : 53,
            "information" : 239
        },
        "events-summary" :{
            "device" : 59,
            "link/route" : 25,
            "network" : 14,
            "service" : 9
        }
    },
    "alarm-event-distribution" : {
        "device" :[
            [
                { "name": "BLR-CE-126", "count": [0,48], "total": "48/50","maxValue":50,"color":"#394867"}
            ],
            [
                { "name": "MAA-PE-201", "count": [0,36], "total": "36/50","maxValue":50,"color":"#394867"}
            ],
            [
                { "name": "DEL-CE-088", "count": [0,30], "total": "30/50","maxValue":50,"color":"#394867"}
            ],
            [
                { "name": "BOM-PE-174", "count": [0,18], "total": "18/50","maxValue":50,"color":"#394867"}
            ],
            [
                { "name": "HYD-PE-036", "count": [0,10], "total": "10/50","maxValue":50,"color":"#394867"}
            ]
        ],
        "links" :[
            [
                { "name": "BLR-CE-126", "count": [0,39], "total": "39/40","maxValue":40,"color":"#394867"}
            ],
            [
                { "name": "MAA-PE-201", "count": [0,22], "total": "22/40","maxValue":40,"color":"#394867"}
            ],
            [
                { "name": "DEL-CE-088", "count": [0,21], "total": "21/40","maxValue":40,"color":"#394867"}
            ],
            [
                { "name": "BOM-PE-174", "count": [0,15], "total": "15/40","maxValue":40,"color":"#394867"}
            ],
            [
                { "name": "HYD-PE-036", "count": [0,10], "total": "10/40","maxValue":40,"color":"#394867"}
            ]
        ],
        "services" :[
            [
                { "name": "BLR-CE-126", "count": [0,28], "total": "28/40","maxValue":40,"color":"#394867"}
            ],
            [
                { "name": "MAA-PE-201", "count": [0,25], "total": "25/40","maxValue":40,"color":"#394867"}
            ],
            [
                { "name": "DEL-CE-088", "count": [0,20], "total": "20/40","maxValue":40,"color":"#394867"}
            ],
            [
                { "name": "BOM-PE-174", "count": [0,10], "total": "10/40","maxValue":40,"color":"#394867"}
            ],
            [
                { "name": "HYD-PE-036", "count": [0,9], "total": "9/40","maxValue":40,"color":"#394867"}
            ]
        ]
    },
    "top-performance":{
        "device":[
            {
                "DEL-PE-480": 2400,
                "BOM-CE-165": 1800,
                "DEL-PE-560": 600,
                "BOM-CE-001": 1600,
                "VJA-P-980": 900
            },
            {
                "DEL-PE-480": 1800,
                "BOM-CE-165": 1600,
                "DEL-PE-560": 200,
                "BOM-CE-001": 6800,
                "VJA-P-980": 2500
            },
            {
                "DEL-PE-480": 5600,
                "BOM-CE-165": 5400,
                "DEL-PE-560": 200,
                "BOM-CE-001": 200,
                "VJA-P-980": 2400
            },
            {
                "DEL-PE-480": 1526,
                "BOM-CE-165": 1426,
                "DEL-PE-560": 100,
                "BOM-CE-001": 3200,
                "VJA-P-980": 3000
            },
            {
                "DEL-PE-480": 3600,
                "BOM-CE-165": 1800,
                "DEL-PE-560": 1800,
                "BOM-CE-001": 400,
                "VJA-P-980": 500
            },
            {
                "DEL-PE-480": 3200,
                "BOM-CE-165": 1000,
                "DEL-PE-560": 1200,
                "BOM-CE-001": 800,
                "VJA-P-980": 1700
            },
            {
                "DEL-PE-480": 3300,
                "BOM-CE-165": 2600,
                "DEL-PE-560": 700,
                "BOM-CE-001": 750,
                "VJA-P-980": 1800
            }
        ],
        "service":[
            {
                "DEL-PE-480": 2400,
                "BOM-CE-165": 1800,
                "DEL-PE-560": 600,
                "BOM-CE-001": 1600,
                "VJA-P-980": 900
            },
            {
                "DEL-PE-480": 1800,
                "BOM-CE-165": 1600,
                "DEL-PE-560": 200,
                "BOM-CE-001": 6800,
                "VJA-P-980": 2500
            },
            {
                "DEL-PE-480": 5600,
                "BOM-CE-165": 5400,
                "DEL-PE-560": 200,
                "BOM-CE-001": 200,
                "VJA-P-980": 2400
            },
            {
                "DEL-PE-480": 1526,
                "BOM-CE-165": 1426,
                "DEL-PE-560": 100,
                "BOM-CE-001": 3200,
                "VJA-P-980": 3000
            },
            {
                "DEL-PE-480": 3600,
                "BOM-CE-165": 1800,
                "DEL-PE-560": 1800,
                "BOM-CE-001": 400,
                "VJA-P-980": 500
            },
            {
                "DEL-PE-480": 3200,
                "BOM-CE-165": 1000,
                "DEL-PE-560": 1200,
                "BOM-CE-001": 800,
                "VJA-P-980": 1700
            },
            {
                "DEL-PE-480": 3300,
                "BOM-CE-165": 2600,
                "DEL-PE-560": 700,
                "BOM-CE-001": 750,
                "VJA-P-980": 1800
            }
        ],
        "link":[
            {
                "DEL-PE-480": 2400,
                "BOM-CE-165": 1800,
                "DEL-PE-560": 600,
                "BOM-CE-001": 1600,
                "VJA-P-980": 900
            },
            {
                "DEL-PE-480": 1800,
                "BOM-CE-165": 1600,
                "DEL-PE-560": 200,
                "BOM-CE-001": 6800,
                "VJA-P-980": 2500
            },
            {
                "DEL-PE-480": 5600,
                "BOM-CE-165": 5400,
                "DEL-PE-560": 200,
                "BOM-CE-001": 200,
                "VJA-P-980": 2400
            },
            {
                "DEL-PE-480": 1526,
                "BOM-CE-165": 1426,
                "DEL-PE-560": 100,
                "BOM-CE-001": 3200,
                "VJA-P-980": 3000
            },
            {
                "DEL-PE-480": 3600,
                "BOM-CE-165": 1800,
                "DEL-PE-560": 1800,
                "BOM-CE-001": 400,
                "VJA-P-980": 500
            },
            {
                "DEL-PE-480": 3200,
                "BOM-CE-165": 1000,
                "DEL-PE-560": 1200,
                "BOM-CE-001": 800,
                "VJA-P-980": 1700
            },
            {
                "DEL-PE-480": 3300,
                "BOM-CE-165": 2600,
                "DEL-PE-560": 700,
                "BOM-CE-001": 750,
                "VJA-P-980": 1800
            }
        ]
    },
    "top-faults": [
        {
            "faultId": "1001",
            "description": "Device not Reachable",
            "severity": "Major",
            "occurance": "12:00 hrs, 6th May 2022"
        },
        {
            "faultId": "1002",
            "description": "Max VLANs count reached",
            "severity": "Minor",
            "occurance": "18:45 hrs, 4th May 2022"
        },
        {
            "faultId": "1003",
            "description": "High CPU Usage",
            "severity": "Warning",
            "occurance": "01:26 hrs, 2nd Map 2022"
        },
        {
            "faultId": "1004",
            "description": "Bad Configuration",
            "severity": "Minor",
            "occurance": "12:00 hrs, 2nd May 2022"
        },
        {
            "faultId": "1005",
            "description": "Device not Reachable",
            "severity": "Major",
            "occurance": "12:00 hrs, 28th May 2022"
        }
    ],
    "recent-faults": [
        {
            "faultId": "1001",
            "description": "Device not Reachable",
            "severity": "Major",
            "occurance": "12:00 hrs, 6th May 2022"
        },
        {
            "faultId": "1002",
            "description": "Max VLANs count reached",
            "severity": "Minor",
            "occurance": "18:45 hrs, 4th May 2022"
        },
        {
            "faultId": "1003",
            "description": "High CPU Usage",
            "severity": "Warning",
            "occurance": "01:26 hrs, 2nd Map 2022"
        },
        {
            "faultId": "1004",
            "description": "Bad Configuration",
            "severity": "Minor",
            "occurance": "12:00 hrs, 2nd May 2022"
        },
        {
            "faultId": "1005",
            "description": "Device not Reachable",
            "severity": "Major",
            "occurance": "12:00 hrs, 28th May 2022"
        }
    ],
    "fault-event-distribution" : {
        "device" :[
            [
                { "name": "BLR-CE-126", "count": [0,48], "total": "48/50","maxValue":50,"color":"#394867"}
            ],
            [
                { "name": "MAA-PE-201", "count": [0,36], "total": "36/50","maxValue":50,"color":"#394867"}
            ],
            [
                { "name": "DEL-CE-088", "count": [0,30], "total": "30/50","maxValue":50,"color":"#394867"}
            ],
            [
                { "name": "BOM-PE-174", "count": [0,18], "total": "18/50","maxValue":50,"color":"#394867"}
            ],
            [
                { "name": "HYD-PE-036", "count": [0,10], "total": "10/50","maxValue":50,"color":"#394867"}
            ]
        ],
        "interfaces" :[
            [
                { "name": "BLR-CE-126", "count": [0,39], "total": "39/40","maxValue":40,"color":"#394867"}
            ],
            [
                { "name": "MAA-PE-201", "count": [0,22], "total": "22/40","maxValue":40,"color":"#394867"}
            ],
            [
                { "name": "DEL-CE-088", "count": [0,21], "total": "21/40","maxValue":40,"color":"#394867"}
            ],
            [
                { "name": "BOM-PE-174", "count": [0,15], "total": "15/40","maxValue":40,"color":"#394867"}
            ],
            [
                { "name": "HYD-PE-036", "count": [0,10], "total": "10/40","maxValue":40,"color":"#394867"}
            ]
        ],
        "services" :[
            [
                { "name": "BLR-CE-126", "count": [0,28], "total": "28/40","maxValue":40,"color":"#394867"}
            ],
            [
                { "name": "MAA-PE-201", "count": [0,25], "total": "25/40","maxValue":40,"color":"#394867"}
            ],
            [
                { "name": "DEL-CE-088", "count": [0,20], "total": "20/40","maxValue":40,"color":"#394867"}
            ],
            [
                { "name": "BOM-PE-174", "count": [0,10], "total": "10/40","maxValue":40,"color":"#394867"}
            ],
            [
                { "name": "HYD-PE-036", "count": [0,9], "total": "9/40","maxValue":40,"color":"#394867"}
            ]
        ],
        "links" : [
            [
                { "name": "BLR-CE-126", "count": [0,39], "total": "39/40","maxValue":40,"color":"#394867"}
            ],
            [
                { "name": "MAA-PE-201", "count": [0,22], "total": "22/40","maxValue":40,"color":"#394867"}
            ],
            [
                { "name": "DEL-CE-088", "count": [0,21], "total": "21/40","maxValue":40,"color":"#394867"}
            ],
            [
                { "name": "BOM-PE-174", "count": [0,15], "total": "15/40","maxValue":40,"color":"#394867"}
            ],
            [
                { "name": "HYD-PE-036", "count": [0,10], "total": "10/40","maxValue":40,"color":"#394867"}
            ]
        ],
        "routes" : [
            [
                { "name": "BLR-CE-126", "count": [0,39], "total": "39/40","maxValue":40,"color":"#394867"}
            ],
            [
                { "name": "MAA-PE-201", "count": [0,22], "total": "22/40","maxValue":40,"color":"#394867"}
            ],
            [
                { "name": "DEL-CE-088", "count": [0,21], "total": "21/40","maxValue":40,"color":"#394867"}
            ],
            [
                { "name": "BOM-PE-174", "count": [0,15], "total": "15/40","maxValue":40,"color":"#394867"}
            ],
            [
                { "name": "HYD-PE-036", "count": [0,10], "total": "10/40","maxValue":40,"color":"#394867"}
            ]
        ],
        "paths" : [
            [
                { "name": "BLR-CE-126", "count": [0,39], "total": "39/40","maxValue":40,"color":"#394867"}
            ],
            [
                { "name": "MAA-PE-201", "count": [0,22], "total": "22/40","maxValue":40,"color":"#394867"}
            ],
            [
                { "name": "DEL-CE-088", "count": [0,21], "total": "21/40","maxValue":40,"color":"#394867"}
            ],
            [
                { "name": "BOM-PE-174", "count": [0,15], "total": "15/40","maxValue":40,"color":"#394867"}
            ],
            [
                { "name": "HYD-PE-036", "count": [0,10], "total": "10/40","maxValue":40,"color":"#394867"}
            ]
        ]
    },
    "element-overview": {
        "pe-router" : 150,
        "ce-router" : 94,
        "p-router" : 42
    },
    "element-status" : [
        [
            { "name": "Sites/Zones", "value": 16,"maxValue": 100 }
        ],
        [
            { "name": "Active", "value": 24,"maxValue": 100 }
        ],
        [
            { "name": "Managed", "value": 239,"maxValue": 300 }
        ]
    ],
    "device-details" : {
        "summary" : [
            {"name": "74%","value": 74}
        ],
        "detailed" : {
            "Hardware" : "Juniper ACX 710",
            "Software": "Junos 21.4R1.12",
            "Serial Num": "16061528",
            "Sys Up Time": "48Hrs"
        }
    },
    "device-state" : [
        [
            { "name": "CPU%", "value": 76, "maxValue": 100 }
        ],
        [
            { "name": "Memory%", "value": 40, "maxValue": 100 }
        ],
        [
            { "name": "Temperature", "value": 20, "maxValue": 100 }
        ],
        [
            { "name": "Active Ports", "value": 90, "maxValue": 100 }
        ]
    ],
    "device-resources" : {
        "resources" : [
            [
                { "name": "PORTS", "count": [0,28], "total": "28/30","maxValue":30,"color":"#394867"}
            ],
            [
                { "name": "VLANs", "count": [0,48], "total": "48/100","maxValue":100,"color":"#394867"}
            ],
            [
                { "name": "ACs", "count": [0,14], "total": "14/60","maxValue":60,"color":"#394867"}
            ]
        ],
        "connections" : [
            [
                { "name": "TUNNELS", "count": [0,16], "total": "16/30","maxValue":30,"color":"#394867"}
            ],
            [
                { "name": "LSPs", "count": [0,56], "total": "56/100","maxValue":100,"color":"#394867"}
            ],
            [
                { "name": "ROUTES", "count": [0,10], "total": "68/120","maxValue":120,"color":"#394867"}
            ]
        ],
        "instances" : [
            [
                { "name": "BRIDGES", "count": [0,65], "total": "65/70","maxValue":70,"color":"#394867"}
            ],
            [
                { "name": "VRFs", "count": [0,40], "total": "40/200","maxValue":200,"color":"#394867"}
            ],
            [
                { "name": "VPNs", "count": [0,30], "total": "30/200","maxValue":200,"color":"#394867"}
            ]
        ]
    },
    "interface-utilization-in" : [
        {
            "interfaceId": "eth0",
            "interfaceType": "physical",
            "utilization": "320kbps",
            "port": 430
        },
        {
            "interfaceId": "eth1",
            "interfaceType": "physical",
            "utilization": "20kbps",
            "port": 840
        },
        {
            "interfaceId": "eth2",
            "interfaceType": "physical",
            "utilization": "1500kbps",
            "port": 120
        },
        {
            "interfaceId": "eth3",
            "interfaceType": "physical",
            "utilization": "650kbps",
            "port": 200
        },
        {
            "interfaceId": "eth4",
            "interfaceType": "physical",
            "utilization": "1000kbps",
            "port": 350
        }
    ],
    "interface-utilization-out" : [
        {
            "interfaceId": "eth0",
            "interfaceType": "physical",
            "utilization": "320kbps",
            "port": 430
        },
        {
            "interfaceId": "eth1",
            "interfaceType": "physical",
            "utilization": "20kbps",
            "port": 840
        },
        {
            "interfaceId": "eth2",
            "interfaceType": "physical",
            "utilization": "1500kbps",
            "port": 120
        },
        {
            "interfaceId": "eth3",
            "interfaceType": "physical",
            "utilization": "650kbps",
            "port": 200
        },
        {
            "interfaceId": "eth4",
            "interfaceType": "physical",
            "utilization": "1000kbps",
            "port": 350
        }
    ],
    "device-service-throughput" : [
        {
            "DEL-PE-480": 2400,
            "BOM-CE-165": 1800,
            "DEL-PE-560": 600,
            "BOM-CE-001": 1600,
            "VJA-P-980": 900
        },
        {
            "DEL-PE-480": 1800,
            "BOM-CE-165": 1600,
            "DEL-PE-560": 200,
            "BOM-CE-001": 6800,
            "VJA-P-980": 2500
        },
        {
            "DEL-PE-480": 5600,
            "BOM-CE-165": 5400,
            "DEL-PE-560": 200,
            "BOM-CE-001": 200,
            "VJA-P-980": 2400
        },
        {
            "DEL-PE-480": 1526,
            "BOM-CE-165": 1426,
            "DEL-PE-560": 100,
            "BOM-CE-001": 3200,
            "VJA-P-980": 3000
        },
        {
            "DEL-PE-480": 3600,
            "BOM-CE-165": 1800,
            "DEL-PE-560": 1800,
            "BOM-CE-001": 400,
            "VJA-P-980": 500
        },
        {
            "DEL-PE-480": 3200,
            "BOM-CE-165": 1000,
            "DEL-PE-560": 1200,
            "BOM-CE-001": 800,
            "VJA-P-980": 1700
        },
        {
            "DEL-PE-480": 3300,
            "BOM-CE-165": 2600,
            "DEL-PE-560": 700,
            "BOM-CE-001": 750,
            "VJA-P-980": 1800
        }
    ],
    "device-link-latency" : [
        {
            "DEL-PE-480": 8400,
            "BOM-CE-165": 4800,
            "DEL-PE-560": 2600,
            "BOM-CE-001": 1600,
            "VJA-P-980": 900
        },
        {
            "DEL-PE-480": 5800,
            "BOM-CE-165": 7600,
            "DEL-PE-560": 5200,
            "BOM-CE-001": 6800,
            "VJA-P-980": 2500
        },
        {
            "DEL-PE-480": 5600,
            "BOM-CE-165": 6400,
            "DEL-PE-560": 200,
            "BOM-CE-001": 6200,
            "VJA-P-980": 4400
        },
        {
            "DEL-PE-480": 7526,
            "BOM-CE-165": 1426,
            "DEL-PE-560": 4100,
            "BOM-CE-001": 3200,
            "VJA-P-980": 3600
        },
        {
            "DEL-PE-480": 1600,
            "BOM-CE-165": 6800,
            "DEL-PE-560": 1800,
            "BOM-CE-001": 400,
            "VJA-P-980": 500
        },
        {
            "DEL-PE-480": 3200,
            "BOM-CE-165": 1000,
            "DEL-PE-560": 1200,
            "BOM-CE-001": 800,
            "VJA-P-980": 1700
        },
        {
            "DEL-PE-480": 3300,
            "BOM-CE-165": 2600,
            "DEL-PE-560": 700,
            "BOM-CE-001": 750,
            "VJA-P-980": 1800
        }
    ],
    "element-fault-overview" : {
        "summary": {
            "critical" : 23,
            "major" : 43,
            "minor" : 165,
            "warning" : 53,
            "information" : 239
        },
        "detailed": [
            [
                { "name": "critical", "value": 5, "maxValue": 100 }
            ],
            [
                { "name": "major", "value": 12, "maxValue": 100 }
            ],
            [
                { "name": "minor", "value": 28, "maxValue": 100 }
            ],
            [
                { "name": "warning", "value": 45, "maxValue": 100 }
            ],
            [
                { "name": "information", "value": 135, "maxValue": 200 }
            ]
        ]
    },
    "element-connectivity-network" : {
        "L1 Networks" : 8,
        "L2 Networks" : 67,
        "L3 Networks" : 142
    },
    "element-connectivity-service" : {
        "VPLS Service" : 94,
        "VPWS Service" : 56,
        "L3VPN Service" : 102
    },
    "element-connectivity-path" : {
        "Links" : 94,
        "LSPs" : 153,
        "Routes" : 289
    },
    "active-networks" : {
        "detailed":[
            [
                { "name": "L1 Networks", "value": 6, "maxValue": 100 }
            ],
            [
                { "name": "L2 Networks", "value": 12, "maxValue": 100 }
            ],
            [
                { "name": "L3 Networks", "value": 28, "maxValue": 100 }
            ]
        ],
        "summary":[
            {"name": "46%","value": 46}
        ]
    },
    "network-details" : {
        "summary" : [
            {"name": "70%","value": 70}
        ],
        "detailed" : {
            "services down": "2",
            "links down": "8",
            "throughput": "1.5Mbps",
            "latency" : "25ms"
        }
    },
    "network-inventory" : [
        [
            { "name": "Links", "value": 32, "maxValue": 100 }
        ],
        [
            { "name": "PE Routers", "value": 12, "maxValue": 100 }
        ],
        [
            { "name": "P Routers", "value": 6, "maxValue": 100 }
        ]
    ],
    "network-device-availability" : [
        [
            { "name": "BLR-CE-126", "count": [0,58], "total": "58/100","maxValue":100,"color":"#F6A609"}
        ],
        [
            { "name": "MAA-PE-201", "count": [0,66], "total": "66/100","maxValue":100,"color":"#1AB759"}
        ],
        [
            { "name": "DEL-CE-088", "count": [0,30], "total": "30/100","maxValue":100,"color":"#FB4E4E"}
        ],
        [
            { "name": "BOM-PE-174", "count": [0,78], "total": "78/100","maxValue":100,"color":"#1AB759"}
        ],
        [
            { "name": "HYD-PE-036", "count": [0,80], "total": "80/100","maxValue":100,"color":"#1AB759"}
        ]
    ],
    "network-link-availability" :  [
        [
            { "name": "BLR-DEL", "count": [0,88], "total": "88/100","maxValue":100,"color":"#1AB759"}
        ],
        [
            { "name": "MAA-BOM", "count": [0,21], "total": "21/100","maxValue":100,"color":"#FB4E4E"}
        ],
        [
            { "name": "DEL-HYD", "count": [0,50], "total": "50/100","maxValue":100,"color":"#F6A609"}
        ],
        [
            { "name": "BOM-MAA", "count": [0,78], "total": "78/100","maxValue":100,"color":"#1AB759"}
        ],
        [
            { "name": "HYD-BLR", "count": [0,25], "total": "25/100","maxValue":100,"color":"#FB4E4E"}
        ]
    ],
    "network-link-utilization" :  [
        {
            "DEL-PE-480": 2400,
            "BOM-CE-165": 1800,
            "DEL-PE-560": 600,
            "BOM-CE-001": 1600,
            "VJA-P-980": 900
        },
        {
            "DEL-PE-480": 1800,
            "BOM-CE-165": 1600,
            "DEL-PE-560": 200,
            "BOM-CE-001": 6800,
            "VJA-P-980": 2500
        },
        {
            "DEL-PE-480": 5600,
            "BOM-CE-165": 5400,
            "DEL-PE-560": 200,
            "BOM-CE-001": 200,
            "VJA-P-980": 2400
        },
        {
            "DEL-PE-480": 1526,
            "BOM-CE-165": 1426,
            "DEL-PE-560": 100,
            "BOM-CE-001": 3200,
            "VJA-P-980": 3000
        },
        {
            "DEL-PE-480": 3600,
            "BOM-CE-165": 1800,
            "DEL-PE-560": 1800,
            "BOM-CE-001": 400,
            "VJA-P-980": 500
        },
        {
            "DEL-PE-480": 3200,
            "BOM-CE-165": 1000,
            "DEL-PE-560": 1200,
            "BOM-CE-001": 800,
            "VJA-P-980": 1700
        },
        {
            "DEL-PE-480": 3300,
            "BOM-CE-165": 2600,
            "DEL-PE-560": 700,
            "BOM-CE-001": 750,
            "VJA-P-980": 1800
        }
    ],
    "network-fault-overview" : {
        "summary": {
            "critical" : 23,
            "major" : 43,
            "minor" : 165,
            "warning" : 53,
            "information" : 239
        },
        "detailed": [
            [
                { "name": "critical", "value": 5, "maxValue": 100 }
            ],
            [
                { "name": "major", "value": 12, "maxValue": 100 }
            ],
            [
                { "name": "minor", "value": 28, "maxValue": 100 }
            ],
            [
                { "name": "warning", "value": 45, "maxValue": 100 }
            ],
            [
                { "name": "information", "value": 135, "maxValue": 200 }
            ]
        ]
    },
    "active-services" : {
        "detailed":[
            [
                { "name": "VPLS", "value": 10, "maxValue": 100 }
            ],
            [
                { "name": "VPWS", "value": 14, "maxValue": 100 }
            ],
            [
                { "name": "L3 VPN", "value": 8, "maxValue": 100 }
            ]
        ],
        "summary":[
            {"name": "32%","value": 32}
        ]
    },
    "service-details" : {
        "summary" : [
            {"name": "64%","value": 64}
        ],
        "detailed" : {
            "links down" : "6",
            "AC down" : "3",
            "throughput": "1.5Mbps",
            "latency" : "25ms"
        }
    },
    "service-inventory" : [
        [
            { "name": "Links", "value": 16, "maxValue": 100 }
        ],
        [
            { "name": "PE Routers", "value": 4, "maxValue": 100 }
        ],
        [
            { "name": "Attachment Circuits", "value": 14, "maxValue": 100 }
        ]
    ],
    "service-device-availability" : [
        [
            { "name": "BLR-CE-126", "count": [0,58], "total": "58/100","maxValue":100,"color":"#F6A609"}
        ],
        [
            { "name": "MAA-PE-201", "count": [0,66], "total": "66/100","maxValue":100,"color":"#1AB759"}
        ],
        [
            { "name": "DEL-CE-088", "count": [0,30], "total": "30/100","maxValue":100,"color":"#FB4E4E"}
        ],
        [
            { "name": "BOM-PE-174", "count": [0,78], "total": "78/100","maxValue":100,"color":"#1AB759"}
        ],
        [
            { "name": "HYD-PE-036", "count": [0,80], "total": "80/100","maxValue":100,"color":"#1AB759"}
        ]
    ],
    "service-link-availability" :  [
        [
            { "name": "BLR-DEL", "count": [0,88], "total": "88/100","maxValue":100,"color":"#1AB759"}
        ],
        [
            { "name": "MAA-BOM", "count": [0,21], "total": "21/100","maxValue":100,"color":"#FB4E4E"}
        ],
        [
            { "name": "DEL-HYD", "count": [0,50], "total": "50/100","maxValue":100,"color":"#F6A609"}
        ],
        [
            { "name": "BOM-MAA", "count": [0,78], "total": "78/100","maxValue":100,"color":"#1AB759"}
        ],
        [
            { "name": "HYD-BLR", "count": [0,25], "total": "25/100","maxValue":100,"color":"#FB4E4E"}
        ]
    ],
    "service-availability" :  [
        {
            "DEL-PE-480": 2400,
            "BOM-CE-165": 1800,
            "DEL-PE-560": 600,
            "BOM-CE-001": 1600,
            "VJA-P-980": 900
        },
        {
            "DEL-PE-480": 1800,
            "BOM-CE-165": 1600,
            "DEL-PE-560": 200,
            "BOM-CE-001": 6800,
            "VJA-P-980": 2500
        },
        {
            "DEL-PE-480": 5600,
            "BOM-CE-165": 5400,
            "DEL-PE-560": 200,
            "BOM-CE-001": 200,
            "VJA-P-980": 2400
        },
        {
            "DEL-PE-480": 1526,
            "BOM-CE-165": 1426,
            "DEL-PE-560": 100,
            "BOM-CE-001": 3200,
            "VJA-P-980": 3000
        },
        {
            "DEL-PE-480": 3600,
            "BOM-CE-165": 1800,
            "DEL-PE-560": 1800,
            "BOM-CE-001": 400,
            "VJA-P-980": 500
        },
        {
            "DEL-PE-480": 3200,
            "BOM-CE-165": 1000,
            "DEL-PE-560": 1200,
            "BOM-CE-001": 800,
            "VJA-P-980": 1700
        },
        {
            "DEL-PE-480": 3300,
            "BOM-CE-165": 2600,
            "DEL-PE-560": 700,
            "BOM-CE-001": 750,
            "VJA-P-980": 1800
        }
    ],
    "service-ac-utilization" :  [
        {
            "DEL-PE-480": 8400,
            "BOM-CE-165": 4800,
            "DEL-PE-560": 2600,
            "BOM-CE-001": 1600,
            "VJA-P-980": 900
        },
        {
            "DEL-PE-480": 5800,
            "BOM-CE-165": 7600,
            "DEL-PE-560": 5200,
            "BOM-CE-001": 6800,
            "VJA-P-980": 2500
        },
        {
            "DEL-PE-480": 5600,
            "BOM-CE-165": 6400,
            "DEL-PE-560": 200,
            "BOM-CE-001": 6200,
            "VJA-P-980": 4400
        },
        {
            "DEL-PE-480": 7526,
            "BOM-CE-165": 1426,
            "DEL-PE-560": 4100,
            "BOM-CE-001": 3200,
            "VJA-P-980": 3600
        },
        {
            "DEL-PE-480": 1600,
            "BOM-CE-165": 6800,
            "DEL-PE-560": 1800,
            "BOM-CE-001": 400,
            "VJA-P-980": 500
        },
        {
            "DEL-PE-480": 3200,
            "BOM-CE-165": 1000,
            "DEL-PE-560": 1200,
            "BOM-CE-001": 800,
            "VJA-P-980": 1700
        },
        {
            "DEL-PE-480": 3300,
            "BOM-CE-165": 2600,
            "DEL-PE-560": 700,
            "BOM-CE-001": 750,
            "VJA-P-980": 1800
        }
    ],
    "service-fault-overview" : {
        "summary": {
            "critical" : 23,
            "major" : 43,
            "minor" : 165,
            "warning" : 53,
            "information" : 239
        },
        "detailed": [
            [
                { "name": "critical", "value": 5, "maxValue": 100 }
            ],
            [
                { "name": "major", "value": 12, "maxValue": 100 }
            ],
            [
                { "name": "minor", "value": 28, "maxValue": 100 }
            ],
            [
                { "name": "warning", "value": 45, "maxValue": 100 }
            ],
            [
                { "name": "information", "value": 135, "maxValue": 200 }
            ]
        ]
    }
}