[
    {
        "events" : [
            {
                "eventType" : "Attach/Detach",
                "resource" : "Element",
                "resourceId" : "BLR-PE-088",
                "description" : "Device Detached",
                "timestamp" : "17:00 hrs, 4th May 2022",
                "acknowledgedUser" : "NoaAdmin",
                "acknowledgedTimeStamp" : "17:05 hrs, 4th May 2022"
            },
            {
                "eventType" : "Configuration Update",
                "resource" : "Element",
                "resourceId" : "BOM-CE-148",
                "description" : "Updated MPLS Configuration",
                "timestamp" : "12:00 hrs, 4th May 2022",
                "acknowledgedUser" : "Networks Administrator",
                "acknowledgedTimeStamp" : "13:10 hrs, 4th May 2022"
            },
            {
                "eventType" : "VLAN Configuration",
                "resource" : "Element",
                "resourceId" : "HYD-P-851",
                "description" : "New VLAN has been Created",
                "timestamp" : "00:14 hrs, 3rd May 2022",
                "acknowledgedUser" : "NoaAdmin",
                "acknowledgedTimeStamp" : "1:15 hrs, 3rd May 2022"
            },
            {
                "eventType" : "Attach/Detach",
                "resource" : "Element",
                "resourceId" : "BLR-PE-088",
                "description" : "Device Detached",
                "timestamp" : "17:00 hrs, 4th May 2022",
                "acknowledgedUser" : "System Administrator",
                "acknowledgedTimeStamp" : "17:05 hrs, 4th May 2022"
            },
            {
                "eventType" : "Configuration Update",
                "resource" : "L2VPN",
                "resourceId" : "utl:BOM:HYD:l2vpn100",
                "description" : "L2VPN Service has been Updated",
                "timestamp" : "18:30 hrs, 2nd May 2022",
                "acknowledgedUser" : "System Administrator",
                "acknowledgedTimeStamp" : "18:45 hrs, 2nd May 2022"
            },
            {
                "eventType" : "Device Communication",
                "resource" : "Element",
                "resourceId" : "DEL-P-475",
                "description" : "Unable to Communicate with Device",
                "timestamp" : "11:39 hrs, 2nd May 2022",
                "acknowledgedUser" : "NoaAdmin",
                "acknowledgedTimeStamp" : "11:45 hrs, 2nd May 2022"
            },
            {
                "eventType" : "Configuration Update",
                "resource" : "Element",
                "resourceId" : "HYD-CE-123",
                "description" : "Updated IP Address",
                "timestamp" : "17:00 hrs, 2nd May 2022",
                "acknowledgedUser" : "NoaAdmin",
                "acknowledgedTimeStamp" : "17:05 hrs, 2nd May 2022"
            },
            {
                "eventType" : "Interface Configuration",
                "resource" : "Element",
                "resourceId" : "PJB-CE-088",
                "description" : "Updated ethernet0 Interface Configuration",
                "timestamp" : "22:00 hrs, 2nd May 2022",
                "acknowledgedUser" : "NoaAdmin",
                "acknowledgedTimeStamp" : "22:01 hrs, 2nd May 2022"
            },
            {
                "eventType" : "Link Communication",
                "resource" : "Network",
                "resourceId" : "utl:HYD:network1",
                "description" : "Physical Link Failure",
                "timestamp" : "04:45 hrs, 1st May 2022",
                "acknowledgedUser" : "NoaAdmin",
                "acknowledgedTimeStamp" : "04:46 hrs, 1st May 2022"
            },
            {
                "eventType" : "Attach/Detach",
                "resource" : "Element",
                "resourceId" : "GJ-CE-100",
                "description" : "Device Attached",
                "timestamp" : "18:00 hrs, 1st May 2022",
                "acknowledgedUser" : "NoaAdmin",
                "acknowledgedTimeStamp" : "18:05 hrs, 1st May 2022"
            }
        ]
    }
]