[
    {
        "faults" : [
            {
                "faultCode" : 1002,
                "faultContent" : "Max CPU Usage",
                "resource" : "NetworkDevice",
                "resourceId" : "BOM-P-564",
                "severity" : 3,
                "count" : 10,
                "status" : 2
            },
            {
                "faultCode" : 1165,
                "faultContent" : "Max VLANs Count Reached",
                "resource" : "NetworkDevice",
                "resourceId" : "BLR-PE-088",
                "severity" : 3,                
                "count" : 4,
                "status" : 2
            },
            {
                "faultCode" : 1428,
                "faultContent" : "Interface ethernet0 down",
                "resource" : "NetworkDevice",
                "resourceId" : "HYD-CE-233",
                "severity" : 5,                
                "count" : 16,
                "status" : 3
            },
            {
                "faultId" : "5",
                "faultCode" : "2505",
                "faultContent" : "Max Bandwidth Reached",
                "resource" : "NetworkDevice",
                "resourceId" : "HYD-CE-145",
                "severity" : 4,
                "count" : 18,
                "status" : 2
            },
            {
                "faultId" : "6",
                "faultCode" : "298",
                "faultContent" : "Bad MPLS Configuration",
                "resource" : "NetworkDevice",
                "resourceId" : "DEL-PE-088",
                "severity" : 1,
                "count" : 2,
                "status" : 3
            },
            {
                "faultId" : "7",
                "faultCode" : "1002",
                "faultContent" : "Max CPU Usage",
                "resource" : "NetworkDevice",
                "resourceId" : "BOM-P-564",
                "severity" : 3,
                "count" : 10,
                "status" : 2
            },
            {
                "faultId" : "8",
                "faultCode" : "1165",
                "faultContent" : "Max VLANs Count Reached",
                "resource" : "NetworkDevice",
                "resourceId" : "BLR-PE-088",
                "severity" : 3,                
                "count" : 1,
                "status" : 2
            },
            {
                "faultId" : "9",
                "faultCode" : "1428",
                "faultContent" : "Interface ethernet0 down",
                "resource" : "NetworkDevice",
                "resourceId" : "HYD-CE-233",
                "severity" : 5,
                "count" : 16,
                "status" : 3
            },
            {
                "faultId" : "10",
                "faultCode" : "1001",
                "faultContent" : "End-Device not Discoverable",
                "resource" : "NetworkDevice",
                "resourceId" : "HYD-PE-506",
                "severity" : 5,
                "count" : 10,
                "status" : 3
            }
        ]
    }
]