[
    {
        "features" : [
            {
                "feature-name": "UserManagement",
                "description": "A Privilege to Manage User Administration"
            },
            {
                "feature-name": "RoleManagement",
                "description": "A Privilege to Manage Role Administration"
            },
            {
                "feature-name": "FaultManagement",
                "description": "A Privilege to Manage Faults."
            },
            {
                "feature-name": "UserGroupManagement",
                "description": "A Privilege to Manage User Group Administration."
            },
            {
                "feature-name": "PasswordPolicyManagement",
                "description": "A Privilege to Manage Security Policies."
            },
            {
                "feature-name": "SessionManagement",
                "description": "A Privilege to Manage User Sessions."
            },
            {
                "feature-name": "AuditManagement",
                "description": "A Privilege to Manage Audit Info."
            },
            {
                "feature-name": "ElementManagement",
                "description": "A Privilege to Manage Elements."
            },
            {
                "feature-name": "NetworkManagement",
                "description": "A Privilege to Manage Networks."
            },
            {
                "feature-name": "ServiceManagement",
                "description": "A Privilege to Manage Services."
            }
        ],
        "actions" : [
            {
                "action-name": "Create User",
                "related-feature" : "UserManagement",
                "resource-name" : "UserAccount",
                "action-reference" : "PLT_USER_CREATE",
                "action-category" : "General",
                "per-instance" : false
            },
            {
                "action-name": "Manage User",
                "related-feature" : "UserManagement",
                "resource-name" : "User Account",
                "action-reference" : "PLT_USER_MANAGE",
                "action-category" : "General",
                "per-instance" : false
            },
            {
                "action-name": "Delete User",
                "related-feature" : "UserManagement",
                "resource-name" : "UserAccount",
                "action-reference" : "PLT_USER_DELETE",
                "action-category" : "General",
                "per-instance" : false
            },
            {
                "action-name": "User Account Control",
                "related-feature" : "UserManagement",
                "resource-name" : "UserAccount",
                "action-reference" : "PLT_USER_CONTROL",
                "action-category" : "General",
                "per-instance" : false
            },
            {
                "action-name": "Update Profile",
                "related-feature" : "UserManagement",
                "resource-name" : "UserAccount",
                "action-reference" : "PLT_USER_PROFILE_UPDATE",
                "action-category" : "General",
                "per-instance" : false
            },
            {
                "action-name": "Create User Group",
                "related-feature" : "UserGroupManagement",
                "resource-name" : "UserGroup",
                "action-reference" : "PLT_USER_GROUP_CREATE",
                "action-category" : "General",
                "per-instance" : false
            },
            {
                "action-name": "Manage User Group",
                "related-feature" : "UserGroupManagement",
                "resource-name" : "UserGroup",
                "action-reference" : "PLT_USER_GROUP_MANAGE",
                "action-category" : "General",
                "per-instance" : false
            },
            {
                "action-name": "Create Role",
                "related-feature" : "RoleManagement",
                "resource-name" : "AccessRole",
                "action-reference" : "PLT_ROLE_CREATE",
                "action-category" : "General",
                "per-instance" : false
            },
            {
                "action-name": "Manage Role",
                "related-feature" : "RoleManagement",
                "resource-name" : "AccessRole",
                "action-reference" : "PLT_ROLE_MANAGE",
                "action-category" : "General",
                "per-instance" : false
            },
            {
                "action-name": "Delete Role",
                "related-feature" : "RoleManagement",
                "resource-name" : "AccessRole",
                "action-reference" : "PLT_ROLE_DELETE",
                "action-category" : "General",
                "per-instance" : false
            },
            {
                "action-name": "Create Password Policy",
                "related-feature" : "PasswordPolicyManagement",
                "resource-name" : "SecurityPolicy",
                "action-reference" : "PLT_PASSWORD_POLICY_CREATE",
                "action-category" : "General",
                "per-instance" : false
            },
            {
                "action-name": "Manage Password Policy",
                "related-feature" : "PasswordPolicyManagement",
                "resource-name" : "SecurityPolicy",
                "action-reference" : "PLT_PASSWORD_POLICY_MANAGE",
                "action-category" : "General",
                "per-instance" : false
            },
            {
                "action-name": "Delete Password Policy",
                "related-feature" : "PasswordPolicyManagement",
                "resource-name" : "SecurityPolicy",
                "action-reference" : "PLT_PASSWORD_POLICY_DELETE",
                "action-category" : "General",
                "per-instance" : false
            },
            {
                "action-name": "View Audit Logs",
                "related-feature" : "AuditManagement",
                "resource-name" : "AuditLog",
                "action-reference" : "PLT_AUDITLOG_VIEW",
                "action-category" : "General",
                "per-instance" : false
            },
            {
                "action-name": "View User Sessions",
                "related-feature" : "SessionManagement",
                "resource-name" : "UserSession",
                "action-reference" : "PLT_USER_SESION_VIEW",
                "action-category" : "General",
                "per-instance" : false
            },
            {
                "action-name": "Terminate User Sessions",
                "related-feature" : "SessionManagement",
                "resource-name" : "UserSession",
                "action-reference" : "PLT_USER_SESSION_TERMINATE",
                "action-category" : "General",
                "per-instance" : false
            },
            {
                "action-name": "View Fault Policies",
                "related-feature" : "FaultManagement",
                "resource-name" : "FaultProcessingPolicy",
                "action-reference" : "PLT_FAULT_POLICY_VIEW",
                "action-category" : "General",
                "per-instance" : false
            },
            {
                "action-name": "Manage Fault Polices",
                "related-feature" : "FaultManagement",
                "resource-name" : "FaultProcessingPolicy",
                "action-reference" : "PLT_FAULT_POLICY_MANAGE",
                "action-category" : "General",
                "per-instance" : false
            },
            {
                "action-name": "Delete Fault Policies",
                "related-feature" : "FaultManagement",
                "resource-name" : "FaultProcessingPolicy",
                "action-reference" : "PLT_FAULT_POLICY_DELETE",
                "action-category" : "General",
                "per-instance" : false
            },
            {
                "action-name": "View Fault Configurations",
                "related-feature" : "FaultManagement",
                "resource-name" : "FaultConfig",
                "action-reference" : "PLT_FAULT_CONFIG_VIEW",
                "action-category" : "General",
                "per-instance" : false
            },
            {
                "action-name": "Manage Fault Configurations",
                "related-feature" : "FaultManagement",
                "resource-name" : "FaultConfig",
                "action-reference" : "PLT_FAULT_CONFIG_MANAGE",
                "action-category" : "General",
                "per-instance" : false
            },
            {
                "action-name": "Delete Fault Configurations",
                "related-feature" : "FaultManagement",
                "resource-name" : "FaultConfig",
                "action-reference" : "PLT_FAULT_CONFIG_MANAGE",
                "action-category" : "General",
                "per-instance" : false
            },
            {
                "action-name": "View L2 VPN Services State",
                "related-feature" : "ServiceManagement",
                "resource-name" : "L2Vpn",
                "action-reference" : "SVC_STE_L2VPN_VIEW",
                "action-category" : "State Management",
                "per-instance" : true
            },
            {
                "action-name": "View L3 VPN Services State",
                "related-feature" : "ServiceManagement",
                "resource-name" : "L3Vpn",
                "action-reference" : "SVC_STE_L3VPN_VIEW",
                "action-category" : "State Management",
                "per-instance" : true
            },
            {
                "action-name": "View L2 VPN Service Faults",
                "related-feature" : "ServiceManagement",
                "resource-name" : "L2Vpn",
                "action-reference" : "SVC_FLT_L2VPN_VIEW",
                "action-category" : "Fault Management",
                "per-instance" : true
            },
            {
                "action-name": "Manage L2 VPN Service Faults",
                "related-feature" : "ServiceManagement",
                "resource-name" : "L2Vpn",
                "action-reference" : "SVC_FLT_L2VPN_MANAGE",
                "action-category" : "Fault Management",
                "per-instance" : true
            },
            {
                "action-name": "View L3 VPN Service Faults",
                "related-feature" : "ServiceManagement",
                "resource-name" : "L3Vpn",
                "action-reference" : "SVC_FLT_L3VPN_VIEW",
                "action-category" : "Fault Management",
                "per-instance" : true
            },
            {
                "action-name": "Manage L3 VPN Service Faults",
                "related-feature" : "ServiceManagement",
                "resource-name" : "L3Vpn",
                "action-reference" : "SVC_FLT_L3VPN_MANAGE",
                "action-category" : "Fault Management",
                "per-instance" : true
            },
            {
                "action-name": "View L2 VPN Service Performance",
                "related-feature" : "ServiceManagement",
                "resource-name" : "L2Vpn",
                "action-reference" : "SVC_PRF_L2VPN_VIEW",
                "action-category" : "Performance Management",
                "per-instance" : true
            },
            {
                "action-name": "View L3 VPN Service Performance",
                "related-feature" : "ServiceManagement",
                "resource-name" : "L3Vpn",
                "action-reference" : "SVC_PRF_L3VPN_MANAGE",
                "action-category" : "Performance Management",
                "per-instance" : true
            },
            {
                "action-name": "View L2 VPN Service Statistics",
                "related-feature" : "ServiceManagement",
                "resource-name" : "L2Vpn",
                "action-reference" : "SVC_STA_L2VPN_VIEW",
                "action-category" : "Statistics",
                "per-instance" : true
            },
            {
                "action-name": "Create L2 VPN Service",
                "related-feature" : "ServiceManagement",
                "resource-name" : "L2Vpn",
                "action-reference" : "SVC_L2VPN_CREATE",
                "action-category" : "General",
                "per-instance" : false
            },
            {
                "action-name": "Manage L2 VPN Service",
                "related-feature" : "ServiceManagement",
                "resource-name" : "L2Vpn",
                "action-reference" : "SVC_L2VPN_MANAGE",
                "action-category" : "General",
                "per-instance" : true
            },
            {
                "action-name": "Delete L2 VPN Service",
                "related-feature" : "ServiceManagement",
                "resource-name" : "L2Vpn",
                "action-reference" : "SVC_L2VPN_DELETE",
                "action-category" : "General",
                "per-instance" : true
            },
            {
                "action-name": "Create L3 VPN Service",
                "related-feature" : "ServiceManagement",
                "resource-name" : "L3Vpn",
                "action-reference" : "SVC_L3VPN_CREATE",
                "action-category" : "General",
                "per-instance" : false
            },
            {
                "action-name": "Manage L3 VPN Service",
                "related-feature" : "ServiceManagement",
                "resource-name" : "L3Vpn",
                "action-reference" : "SVC_L3VPN_MANAGE",
                "action-category" : "General",
                "per-instance" : true
            },
            {
                "action-name": "Delete L3 VPN Service",
                "related-feature" : "ServiceManagement",
                "resource-name" : "L3Vpn",
                "action-reference" : "SVC_L3VPN_DELETE",
                "action-category" : "General",
                "per-instance" : true
            },
            {
                "action-name": "L2 VPN Service Control",
                "related-feature" : "ServiceManagement",
                "resource-name" : "L2Vpn",
                "action-reference" : "SVC_L2VPN_CONTROL",
                "action-category" : "General",
                "per-instance" : true
            },
            {
                "action-name": "L3 VPN Service Control",
                "related-feature" : "ServiceManagement",
                "resource-name" : "L3Vpn",
                "action-reference" : "SVC_L3VPN_CONTROL",
                "action-category" : "General",
                "per-instance" : true
            },
            {
                "action-name": "View L1 Networks State",
                "related-feature" : "NetworkManagement",
                "resource-name" : "IetfNetwork",
                "action-reference" : "NET_STE_L1_VIEW",
                "action-category" : "State Management",
                "per-instance" : true
            },
            {
                "action-name": "View L2 Networks State",
                "related-feature" : "NetworkManagement",
                "resource-name" : "IetfNetwork",
                "action-reference" : "NET_STE_L2_VIEW",
                "action-category" : "State Management",
                "per-instance" : true
            },
            {
                "action-name": "View L3 Networks State",
                "related-feature" : "NetworkManagement",
                "resource-name" : "IetfNetwork",
                "action-reference" : "NET_STE_L3_VIEW",
                "action-category" : "State Management",
                "per-instance" : true
            },
            {
                "action-name": "View L1 Network Faults",
                "related-feature" : "NetworkManagement",
                "resource-name" : "IetfNetwork",
                "action-reference" : "NET_FLT_L1_VIEW",
                "action-category" : "Fault Management",
                "per-instance" : true
            },
            {
                "action-name": "Manage L1 Network Faults",
                "related-feature" : "NetworkManagement",
                "resource-name" : "IetfNetwork",
                "action-reference" : "NET_FLT_L1_MANAGE",
                "action-category" : "Fault Management",
                "per-instance" : true
            },
            {
                "action-name": "View L2 Network Faults",
                "related-feature" : "NetworkManagement",
                "resource-name" : "IetfNetwork",
                "action-reference" : "NET_FLT_L2_VIEW",
                "action-category" : "Fault Management",
                "per-instance" : true
            },
            {
                "action-name": "Manage L2 Network Faults",
                "related-feature" : "NetworkManagement",
                "resource-name" : "IetfNetwork",
                "action-reference" : "NET_FLT_L2_MANAGE",
                "action-category" : "Fault Management",
                "per-instance" : true
            },
            {
                "action-name": "View L3 Network Faults",
                "related-feature" : "NetworkManagement",
                "resource-name" : "IetfNetwork",
                "action-reference" : "NET_FLT_L3_VIEW",
                "action-category" : "Fault Management",
                "per-instance" : true
            },
            {
                "action-name": "Manage L3 Network Faults",
                "related-feature" : "NetworkManagement",
                "resource-name" : "IetfNetwork",
                "action-reference" : "NET_FLT_L3_MANAGE",
                "action-category" : "Fault Management",
                "per-instance" : true
            },
            {
                "action-name": "View L1 Networks Performance",
                "related-feature" : "NetworkManagement",
                "resource-name" : "IetfNetwork",
                "action-reference" : "NET_PRF_L1_VIEW",
                "action-category" : "Performance Management",
                "per-instance" : true
            },
            {
                "action-name": "View L2 Networks Performance",
                "related-feature" : "NetworkManagement",
                "resource-name" : "IetfNetwork",
                "action-reference" : "NET_PRF_L2_VIEW",
                "action-category" : "Performance Management",
                "per-instance" : true
            },
            {
                "action-name": "View L3 Networks Performance",
                "related-feature" : "NetworkManagement",
                "resource-name" : "IetfNetwork",
                "action-reference" : "NET_PRF_L3_VIEW",
                "action-category" : "Performance Management",
                "per-instance" : true
            },
            {
                "action-name": "View L1 Networks Statistics",
                "related-feature" : "NetworkManagement",
                "resource-name" : "IetfNetwork",
                "action-reference" : "NET_STA_L1_VIEW",
                "action-category" : "Statistics",
                "per-instance" : true
            },
            {
                "action-name": "View L2 Networks Statistics",
                "related-feature" : "NetworkManagement",
                "resource-name" : "IetfNetwork",
                "action-reference" : "NET_STA_L2_VIEW",
                "action-category" : "Statistics",
                "per-instance" : true
            },
            {
                "action-name": "View L3 Networks Statistics",
                "related-feature" : "NetworkManagement",
                "resource-name" : "IetfNetwork",
                "action-reference" : "NET_STA_L3_VIEW",
                "action-category" : "Statistics",
                "per-instance" : true
            },
            {
                "action-name": "Create L1 Networks",
                "related-feature" : "NetworkManagement",
                "resource-name" : "IetfNetwork",
                "action-reference" : "NET_L1_CREATE",
                "action-category" : "General",
                "per-instance" : false
            },
            {
                "action-name": "Manage L1 Network Nodes",
                "related-feature" : "NetworkManagement",
                "resource-name" : "IetfNetwork",
                "action-reference" : "NET_L1_NODE_MANAGE",
                "action-category" : "General",
                "per-instance" : true
            },
            {
                "action-name": "Manage L1 Network Links",
                "related-feature" : "NetworkManagement",
                "resource-name" : "IetfNetwork",
                "action-reference" : "NET_L1_LINK_MANAGE",
                "action-category" : "General",
                "per-instance" : true
            },
            {
                "action-name": "Delete L1 Networks",
                "related-feature" : "NetworkManagement",
                "resource-name" : "IetfNetwork",
                "action-reference" : "NET_L1_DELETE",
                "action-category" : "General",
                "per-instance" : true
            },
            {
                "action-name": "L1 Network Control",
                "related-feature" : "NetworkManagement",
                "resource-name" : "IetfNetwork",
                "action-reference" : "NET_L1_CONTROL",
                "action-category" : "General",
                "per-instance" : true
            },
            {
                "action-name": "Create L2 Networks",
                "related-feature" : "NetworkManagement",
                "resource-name" : "IetfNetwork",
                "action-reference" : "NET_L2_CREATE",
                "action-category" : "General",
                "per-instance" : false
            },
            {
                "action-name": "Manage L2 Network Nodes",
                "related-feature" : "NetworkManagement",
                "resource-name" : "IetfNetwork",
                "action-reference" : "NET_L2_NODE_MANAGE",
                "action-category" : "General",
                "per-instance" : true
            },
            {
                "action-name": "Manage L2 Network Links",
                "related-feature" : "NetworkManagement",
                "resource-name" : "IetfNetwork",
                "action-reference" : "NET_L2_LINK_MANAGE",
                "action-category" : "General",
                "per-instance" : true
            },
            {
                "action-name": "L2 Network Control",
                "related-feature" : "NetworkManagement",
                "resource-name" : "IetfNetwork",
                "action-reference" : "NET_L2_CONTROL",
                "action-category" : "General",
                "per-instance" : true
            },
            {
                "action-name": "Delete L2 Networks",
                "related-feature" : "NetworkManagement",
                "resource-name" : "IetfNetwork",
                "action-reference" : "NET_L2_DELETE",
                "action-category" : "General",
                "per-instance" : true
            },
            {
                "action-name": "Create L3 Networks",
                "related-feature" : "NetworkManagement",
                "resource-name" : "IetfNetwork",
                "action-reference" : "NET_L3_CREATE",
                "action-category" : "General",
                "per-instance" : false
            },
            {
                "action-name": "Manage L3 Network Nodes",
                "related-feature" : "NetworkManagement",
                "resource-name" : "IetfNetwork",
                "action-reference" : "NET_L3_NODE_MANAGE",
                "action-category" : "General",
                "per-instance" : true
            },
            {
                "action-name": "Manage L3 Network Links",
                "related-feature" : "NetworkManagement",
                "resource-name" : "IetfNetwork",
                "action-reference" : "NET_L3_LINK_MANAGE",
                "action-category" : "General",
                "per-instance" : true
            },
            {
                "action-name": "Delete L3 Networks",
                "related-feature" : "NetworkManagement",
                "resource-name" : "IetfNetwork",
                "action-reference" : "NET_L3_DELETE",
                "action-category" : "General",
                "per-instance" : true
            },
            {
                "action-name": "L3 Network Control",
                "related-feature" : "NetworkManagement",
                "resource-name" : "IetfNetwork",
                "action-reference" : "NET_L3_CONTROL",
                "action-category" : "General",
                "per-instance" : true
            },
            {
                "action-name": "View Element State",
                "related-feature" : "ElementManagement",
                "resource-name" : "NetworkDevice",
                "action-reference" : "EMT_STE_VIEW",
                "action-category" : "State Management",
                "per-instance" : true
            },
            {
                "action-name": "View Ports State",
                "related-feature" : "ElementManagement",
                "resource-name" : "NetworkDevice",
                "action-reference" : "EMT_STE_RES_PORT_VIEW",
                "action-category" : "State Management",
                "per-instance" : true
            },
            {
                "action-name": "View L2 Related Resources State",
                "related-feature" : "ElementManagement",
                "resource-name" : "NetworkDevice",
                "action-reference" : "EMT_STE_L2_VIEW",
                "action-category" : "State Management",
                "per-instance" : true
            },
            {
                "action-name": "View L3 Related Resources State",
                "related-feature" : "ElementManagement",
                "resource-name" : "NetworkDevice",
                "action-reference" : "EMT_STE_L3_VIEW",
                "action-category" : "State Management",
                "per-instance" : true
            },
            {
                "action-name": "View MPLS Related Resources State",
                "related-feature" : "ElementManagement",
                "resource-name" : "NetworkDevice",
                "action-reference" : "EMT_STE_MPLS_VIEW",
                "action-category" : "State Management",
                "per-instance" : true
            },
            {
                "action-name": "View Element Faults",
                "related-feature" : "ElementManagement",
                "resource-name" : "NetworkDevice",
                "action-reference" : "EMT_FLT_VIEW",
                "action-category" : "Fault Management",
                "per-instance" : true
            },
            {
                "action-name": "Manage Element Faults",
                "related-feature" : "ElementManagement",
                "resource-name" : "NetworkDevice",
                "action-reference" : "EMT_FLT_VIEW",
                "action-category" : "Fault Management",
                "per-instance" : true
            },
            {
                "action-name": "View Element Performance",
                "related-feature" : "ElementManagement",
                "resource-name" : "NetworkDevice",
                "action-reference" : "EMT_PRF_VIEW",
                "action-category" : "Performance Management",
                "per-instance" : true
            },
            {
                "action-name": "View Element State",
                "related-feature" : "ElementManagement",
                "resource-name" : "NetworkDevice",
                "action-reference" : "EMT_STE_VIEW",
                "action-category" : "State Management",
                "per-instance" : true
            },
            {
                "action-name": "View Element Statistics",
                "related-feature" : "ElementManagement",
                "resource-name" : "NetworkDevice",
                "action-reference" : "EMT_STA_VIEW",
                "action-category" : "Statistics",
                "per-instance" : true
            },
            {
                "action-name": "View Element General Configuration",
                "related-feature" : "ElementManagement",
                "resource-name" : "NetworkDevice",
                "action-reference" : "EMT_GENERAL_VIEW",
                "action-category" : "Device Config",
                "per-instance" : true
            },
            {
                "action-name": "Update Element General Configuration",
                "related-feature" : "ElementManagement",
                "resource-name" : "NetworkDevice",
                "action-reference" : "EMT_GENERAL_UPDATE",
                "action-category" : "Device Config",
                "per-instance" : true
            },
            {
                "action-name": "View L1 Interface Configuration",
                "related-feature" : "ElementManagement",
                "resource-name" : "NetworkDevice",
                "action-reference" : "EMT_L1_INTERFACE_VIEW",
                "action-category" : "Device Config",
                "per-instance" : true
            },
            {
                "action-name": "Update L1 Interface Configuration",
                "related-feature" : "ElementManagement",
                "resource-name" : "NetworkDevice",
                "action-reference" : "EMT_L1_INTERFACE_UPDATE",
                "action-category" : "Device Config",
                "per-instance" : true
            },
            {
                "action-name": "View Resouce Configuration",
                "related-feature" : "ElementManagement",
                "resource-name" : "NetworkDevice",
                "action-reference" : "EMT_RESOURCE_VIEW",
                "action-category" : "Device Config",
                "per-instance" : true
            },
            {
                "action-name": "Update Resouce Configuration",
                "related-feature" : "ElementManagement",
                "resource-name" : "NetworkDevice",
                "action-reference" : "EMT_RESOURCE_UPDATE",
                "action-category" : "Device Config",
                "per-instance" : true
            },
            {
                "action-name": "Create L2 Resources",
                "related-feature" : "ElementManagement",
                "resource-name" : "NetworkDevice",
                "action-reference" : "EMT_NET_L2_CREATE",
                "action-category" : "Resource Management",
                "per-instance" : true
            },
            {
                "action-name": "Delete L2 Resources",
                "related-feature" : "ElementManagement",
                "resource-name" : "NetworkDevice",
                "action-reference" : "EMT_NET_L2_DELETE",
                "action-category" : "Resource Management",
                "per-instance" : true
            },
            {
                "action-name": "Create L3 Resources",
                "related-feature" : "ElementManagement",
                "resource-name" : "NetworkDevice",
                "action-reference" : "EMT_NET_L3_CREATE",
                "action-category" : "Resource Management",
                "per-instance" : true
            },
            {
                "action-name": "Delete L3 Resources",
                "related-feature" : "ElementManagement",
                "resource-name" : "NetworkDevice",
                "action-reference" : "EMT_NET_L3_DELETE",
                "action-category" : "Resource Management",
                "per-instance" : true
            },
            {
                "action-name": "Create MPLS Resources",
                "related-feature" : "ElementManagement",
                "resource-name" : "NetworkDevice",
                "action-reference" : "EMT_NET_MPLS_CREATE",
                "action-category" : "Resource Management",
                "per-instance" : true
            },
            {
                "action-name": "Delete MPLS Resources",
                "related-feature" : "ElementManagement",
                "resource-name" : "NetworkDevice",
                "action-reference" : "EMT_NET_MPLS_DELETE",
                "action-category" : "Resource Management",
                "per-instance" : true
            },
            {
                "action-name": "Manage L2 Resources",
                "related-feature" : "ElementManagement",
                "resource-name" : "NetworkDevice",
                "action-reference" : "EMT_NET_L2_MANAGE",
                "action-category" : "Network Configuration",
                "per-instance" : true
            },
            {
                "action-name": "Manage L3 Resources",
                "related-feature" : "ElementManagement",
                "resource-name" : "NetworkDevice",
                "action-reference" : "EMT_NET_L3_MANAGE",
                "action-category" : "Network Configuration",
                "per-instance" : true
            },
            {
                "action-name": "Manage MPLS Resources",
                "related-feature" : "ElementManagement",
                "resource-name" : "NetworkDevice",
                "action-reference" : "EMT_NET_MPLS_MANAGE",
                "action-category" : "Network Configuration",
                "per-instance" : true
            },
            {
                "action-name": "Attach Device",
                "related-feature" : "ElementManagement",
                "resource-name" : "NetworkDevice",
                "action-reference" : "EMT_ATTACH",
                "action-category" : "General",
                "per-instance" : true
            },
            {
                "action-name": "Detach Device",
                "related-feature" : "ElementManagement",
                "resource-name" : "NetworkDevice",
                "action-reference" : "EMT_DETACH",
                "action-category" : "General",
                "per-instance" : true
            },
            {
                "action-name": "Element Control",
                "related-feature" : "ElementManagement",
                "resource-name" : "NetworkDevice",
                "action-reference" : "EMT_CONTROL",
                "action-category" : "General",
                "per-instance" : true
            }
        ],
        "urlMappings" :[
            {
                "url":"user",
                "feature-name":"UserManagement"
            },
            {
                "url":"group",
                "feature-name":"UserGroupManagement"
            },
            {
                "url":"password",
                "feature-name":"PasswordPolicyManagement"
            },
            {
                "url":"element",
                "feature-name":"ElementManagement"
            },
            {
                "url":"faults",
                "feature-name":"FaultManagement"
            },
            {
                "url":"network",
                "feature-name":"NetworkManagement"
            },
            {
                "url":"audit",
                "feature-name":"AuditManagement"
            },
            {
                "url":"role",
                "feature-name":"RoleManagement"
            },
            {
                "url":"session",
                "feature-name":"SessionManagement"
            },
            {
                "url":"service",
                "feature-name":"ServiceManagement"
            }
        ]
    }
]