{
	"info": {
		"_postman_id": "2bfaa7d3-04cb-41da-8cce-2248fda894fc",
		"name": "OVS_NETCONF_OPENFLOW",
		"schema": "https://schema.getpostman.com/json/collection/v2.1.0/collection.json"
	},
	"item": [
		{
			"name": "GET entity-owners",
			"protocolProfileBehavior": {
				"disableBodyPruning": true
			},
			"request": {
				"auth": {
					"type": "basic",
					"basic": [
						{
							"key": "password",
							"value": "admin",
							"type": "string"
						},
						{
							"key": "username",
							"value": "admin",
							"type": "string"
						}
					]
				},
				"method": "GET",
				"header": [],
				"body": {
					"mode": "raw",
					"raw": ""
				},
				"url": {
					"raw": "http://loacalhost:8080/api/restconf/data/entity-owners:entity-owners",
					"protocol": "http",
					"host": [
						"loacalhost"
					],
					"port": "8080",
					"path": [
						"api",
						"restconf",
						"data",
						"entity-owners:entity-owners"
					]
				}
			},
			"response": []
		},
		{
			"name": "GET Network Topology",
			"protocolProfileBehavior": {
				"disableBodyPruning": true
			},
			"request": {
				"auth": {
					"type": "basic",
					"basic": [
						{
							"key": "password",
							"value": "pass",
							"type": "string"
						},
						{
							"key": "username",
							"value": "admin",
							"type": "string"
						}
					]
				},
				"method": "GET",
				"header": [],
				"body": {
					"mode": "raw",
					"raw": ""
				},
				"url": {
					"raw": "http://localhost:8080/api/restconf/data/network-topology:network-topology",
					"protocol": "http",
					"host": [
						"localhost"
					],
					"port": "8080",
					"path": [
						"api",
						"restconf",
						"data",
						"network-topology:network-topology"
					]
				}
			},
			"response": []
		},
		{
			"name": "Get NETCONF Topology",
			"request": {
				"auth": {
					"type": "basic",
					"basic": [
						{
							"key": "password",
							"value": "pass",
							"type": "string"
						},
						{
							"key": "username",
							"value": "admin",
							"type": "string"
						}
					]
				},
				"method": "GET",
				"header": [
					{
						"key": "Content-Type",
						"name": "Content-Type",
						"type": "text",
						"value": "application/json"
					},
					{
						"key": "Accept",
						"type": "text",
						"value": "application/json"
					},
					{
						"key": "X-FromAppId",
						"type": "text",
						"value": "csit-sdnc",
						"disabled": true
					},
					{
						"key": "X-TransactionId",
						"type": "text",
						"value": "csit-sdnc",
						"disabled": true
					},
					{
						"key": "Authorization",
						"type": "text",
						"value": "Basic YWRtaW46S3A4Yko0U1hzek0wV1hsaGFrM2VIbGNzZTJnQXc4NHZhb0dHbUp2VXkyVQ==",
						"disabled": true
					}
				],
				"url": {
					"raw": "http://localhost:8080/api/restconf/data/network-topology:network-topology/topology=topology-netconf",
					"protocol": "http",
					"host": [
						"localhost"
					],
					"port": "8080",
					"path": [
						"api",
						"restconf",
						"data",
						"network-topology:network-topology",
						"topology=topology-netconf"
					]
				}
			},
			"response": []
		},
		{
			"name": "Add an Element to Topology NETCONF",
			"request": {
				"auth": {
					"type": "basic",
					"basic": [
						{
							"key": "password",
							"value": "pass",
							"type": "string"
						},
						{
							"key": "username",
							"value": "admin",
							"type": "string"
						}
					]
				},
				"method": "PUT",
				"header": [
					{
						"key": "Content-Type",
						"name": "Content-Type",
						"value": "application/json",
						"type": "text"
					},
					{
						"key": "Accept",
						"value": "application/json",
						"type": "text"
					},
					{
						"key": "X-FromAppId",
						"value": "csit-sdnc",
						"type": "text",
						"disabled": true
					},
					{
						"key": "X-TransactionId",
						"value": "csit-sdnc",
						"type": "text",
						"disabled": true
					},
					{
						"key": "Authorization",
						"value": "Basic YWRtaW46S3A4Yko0U1hzek0wV1hsaGFrM2VIbGNzZTJnQXc4NHZhb0dHbUp2VXkyVQ==",
						"type": "text",
						"disabled": true
					}
				],
				"body": {
					"mode": "raw",
					"raw": "{\n    \"node\": [\n        {\n            \"node-id\": \"odl-ofconfig-netconf\",\n            \"netconf-node-topology:port\": 830,\n            \"netconf-node-topology:reconnect-on-changed-schema\": false,\n            \"netconf-node-topology:connection-timeout-millis\": 20000,\n            \"netconf-node-topology:tcp-only\": false,\n            \"netconf-node-topology:max-connection-attempts\": 0,\n            \"netconf-node-topology:username\": \"mininet\",\n            \"netconf-node-topology:password\": \"mininet\",\n            \"netconf-node-topology:sleep-factor\": 1.5,\n            \"netconf-node-topology:host\": \"192.168.1.206\",\n            \"netconf-node-topology:between-attempts-timeout-millis\": 2000,\n            \"netconf-node-topology:keepalive-delay\": 120\n            /*\"netconf-node-topology:schemaless\": true*/\n        }\n    ]\n}",
					"options": {
						"raw": {
							"language": "json"
						}
					}
				},
				"url": {
					"raw": "http://localhost:8080/api/restconf/data/network-topology:network-topology/topology=topology-netconf/node=odl-ofconfig-netconf",
					"protocol": "http",
					"host": [
						"localhost"
					],
					"port": "8080",
					"path": [
						"api",
						"restconf",
						"data",
						"network-topology:network-topology",
						"topology=topology-netconf",
						"node=odl-ofconfig-netconf"
					]
				}
			},
			"response": []
		},
		{
			"name": "Remove an Element from Topology NETCONF",
			"request": {
				"auth": {
					"type": "basic",
					"basic": [
						{
							"key": "password",
							"value": "pass",
							"type": "string"
						},
						{
							"key": "username",
							"value": "admin",
							"type": "string"
						}
					]
				},
				"method": "DELETE",
				"header": [
					{
						"key": "Content-Type",
						"name": "Content-Type",
						"type": "text",
						"value": "application/json"
					},
					{
						"key": "Accept",
						"type": "text",
						"value": "application/json"
					},
					{
						"key": "X-FromAppId",
						"type": "text",
						"value": "csit-sdnc",
						"disabled": true
					},
					{
						"key": "X-TransactionId",
						"type": "text",
						"value": "csit-sdnc",
						"disabled": true
					},
					{
						"key": "Authorization",
						"type": "text",
						"value": "Basic YWRtaW46S3A4Yko0U1hzek0wV1hsaGFrM2VIbGNzZTJnQXc4NHZhb0dHbUp2VXkyVQ==",
						"disabled": true
					}
				],
				"url": {
					"raw": "http://localhost:8080/api/restconf/data/network-topology:network-topology/topology=topology-netconf/node=odl-ofconfig-netconf",
					"protocol": "http",
					"host": [
						"localhost"
					],
					"port": "8080",
					"path": [
						"api",
						"restconf",
						"data",
						"network-topology:network-topology",
						"topology=topology-netconf",
						"node=odl-ofconfig-netconf"
					]
				}
			},
			"response": []
		},
		{
			"name": "**Get Element NETCONF",
			"request": {
				"auth": {
					"type": "basic",
					"basic": [
						{
							"key": "password",
							"value": "pass",
							"type": "string"
						},
						{
							"key": "username",
							"value": "admin",
							"type": "string"
						}
					]
				},
				"method": "GET",
				"header": [
					{
						"key": "Content-Type",
						"name": "Content-Type",
						"value": "application/json",
						"type": "text"
					},
					{
						"key": "Accept",
						"value": "application/json",
						"type": "text"
					},
					{
						"key": "X-FromAppId",
						"value": "csit-sdnc",
						"type": "text",
						"disabled": true
					},
					{
						"key": "X-TransactionId",
						"value": "csit-sdnc",
						"type": "text",
						"disabled": true
					},
					{
						"key": "Authorization",
						"value": "Basic YWRtaW46S3A4Yko0U1hzek0wV1hsaGFrM2VIbGNzZTJnQXc4NHZhb0dHbUp2VXkyVQ==",
						"type": "text",
						"disabled": true
					}
				],
				"url": {
					"raw": "http://localhost:8080/api/restconf/data/network-topology:network-topology/topology=topology-netconf/node=odl-ofconfig-netconf",
					"protocol": "http",
					"host": [
						"localhost"
					],
					"port": "8080",
					"path": [
						"api",
						"restconf",
						"data",
						"network-topology:network-topology",
						"topology=topology-netconf",
						"node=odl-ofconfig-netconf"
					]
				}
			},
			"response": []
		},
		{
			"name": "Get Element Capabilities NETCONF",
			"request": {
				"auth": {
					"type": "basic",
					"basic": [
						{
							"key": "password",
							"value": "pass",
							"type": "string"
						},
						{
							"key": "username",
							"value": "admin",
							"type": "string"
						}
					]
				},
				"method": "GET",
				"header": [
					{
						"key": "Content-Type",
						"name": "Content-Type",
						"type": "text",
						"value": "application/json"
					},
					{
						"key": "Accept",
						"type": "text",
						"value": "application/json"
					},
					{
						"key": "X-FromAppId",
						"type": "text",
						"value": "csit-sdnc",
						"disabled": true
					},
					{
						"key": "X-TransactionId",
						"type": "text",
						"value": "csit-sdnc",
						"disabled": true
					},
					{
						"key": "Authorization",
						"type": "text",
						"value": "Basic YWRtaW46S3A4Yko0U1hzek0wV1hsaGFrM2VIbGNzZTJnQXc4NHZhb0dHbUp2VXkyVQ==",
						"disabled": true
					}
				],
				"url": {
					"raw": "http://localhost:8080/api/restconf/data/network-topology:network-topology/topology=topology-netconf/node=odl-ofconfig-netconf/available-capabilities",
					"protocol": "http",
					"host": [
						"localhost"
					],
					"port": "8080",
					"path": [
						"api",
						"restconf",
						"data",
						"network-topology:network-topology",
						"topology=topology-netconf",
						"node=odl-ofconfig-netconf",
						"available-capabilities"
					]
				}
			},
			"response": []
		},
		{
			"name": "Get Logical Switches NETCONF",
			"request": {
				"auth": {
					"type": "basic",
					"basic": [
						{
							"key": "password",
							"value": "pass",
							"type": "string"
						},
						{
							"key": "username",
							"value": "admin",
							"type": "string"
						}
					]
				},
				"method": "GET",
				"header": [
					{
						"key": "Content-Type",
						"name": "Content-Type",
						"value": "application/json",
						"type": "text"
					},
					{
						"key": "Accept",
						"value": "application/json",
						"type": "text"
					},
					{
						"key": "X-FromAppId",
						"value": "csit-sdnc",
						"type": "text",
						"disabled": true
					},
					{
						"key": "X-TransactionId",
						"value": "csit-sdnc",
						"type": "text",
						"disabled": true
					},
					{
						"key": "Authorization",
						"value": "Basic YWRtaW46S3A4Yko0U1hzek0wV1hsaGFrM2VIbGNzZTJnQXc4NHZhb0dHbUp2VXkyVQ==",
						"type": "text",
						"disabled": true
					}
				],
				"url": {
					"raw": "http://localhost:8080/api/restconf/data/network-topology:network-topology/topology=topology-netconf/node=odl-ofconfig-netconf/yang-ext:mount/of-config:capable-switch/logical-switches",
					"protocol": "http",
					"host": [
						"localhost"
					],
					"port": "8080",
					"path": [
						"api",
						"restconf",
						"data",
						"network-topology:network-topology",
						"topology=topology-netconf",
						"node=odl-ofconfig-netconf",
						"yang-ext:mount",
						"of-config:capable-switch",
						"logical-switches"
					]
				}
			},
			"response": []
		},
		{
			"name": "Get Element Resources NETCONF",
			"request": {
				"auth": {
					"type": "basic",
					"basic": [
						{
							"key": "password",
							"value": "pass",
							"type": "string"
						},
						{
							"key": "username",
							"value": "admin",
							"type": "string"
						}
					]
				},
				"method": "GET",
				"header": [
					{
						"key": "Content-Type",
						"name": "Content-Type",
						"type": "text",
						"value": "application/json"
					},
					{
						"key": "Accept",
						"type": "text",
						"value": "application/json"
					},
					{
						"key": "X-FromAppId",
						"type": "text",
						"value": "csit-sdnc",
						"disabled": true
					},
					{
						"key": "X-TransactionId",
						"type": "text",
						"value": "csit-sdnc",
						"disabled": true
					},
					{
						"key": "Authorization",
						"type": "text",
						"value": "Basic YWRtaW46S3A4Yko0U1hzek0wV1hsaGFrM2VIbGNzZTJnQXc4NHZhb0dHbUp2VXkyVQ==",
						"disabled": true
					}
				],
				"url": {
					"raw": "http://localhost:8080/api/restconf/data/network-topology:network-topology/topology=topology-netconf/node=odl-ofconfig-netconf/yang-ext:mount/of-config:capable-switch/resources?content=nonconfig",
					"protocol": "http",
					"host": [
						"localhost"
					],
					"port": "8080",
					"path": [
						"api",
						"restconf",
						"data",
						"network-topology:network-topology",
						"topology=topology-netconf",
						"node=odl-ofconfig-netconf",
						"yang-ext:mount",
						"of-config:capable-switch",
						"resources"
					],
					"query": [
						{
							"key": "content",
							"value": "nonconfig"
						}
					]
				}
			},
			"response": []
		},
		{
			"name": "**Get Element Port NETCONF",
			"request": {
				"auth": {
					"type": "basic",
					"basic": [
						{
							"key": "password",
							"value": "pass",
							"type": "string"
						},
						{
							"key": "username",
							"value": "admin",
							"type": "string"
						}
					]
				},
				"method": "GET",
				"header": [
					{
						"key": "Content-Type",
						"name": "Content-Type",
						"type": "text",
						"value": "application/json"
					},
					{
						"key": "Accept",
						"type": "text",
						"value": "application/json"
					},
					{
						"key": "X-FromAppId",
						"type": "text",
						"value": "csit-sdnc",
						"disabled": true
					},
					{
						"key": "X-TransactionId",
						"type": "text",
						"value": "csit-sdnc",
						"disabled": true
					},
					{
						"key": "Authorization",
						"type": "text",
						"value": "Basic YWRtaW46S3A4Yko0U1hzek0wV1hsaGFrM2VIbGNzZTJnQXc4NHZhb0dHbUp2VXkyVQ==",
						"disabled": true
					}
				],
				"url": {
					"raw": "http://localhost:8080/api/restconf/data/network-topology:network-topology/topology=topology-netconf/node=odl-ofconfig-netconf/yang-ext:mount/of-config:capable-switch/resources/port=ofc-bridge",
					"protocol": "http",
					"host": [
						"localhost"
					],
					"port": "8080",
					"path": [
						"api",
						"restconf",
						"data",
						"network-topology:network-topology",
						"topology=topology-netconf",
						"node=odl-ofconfig-netconf",
						"yang-ext:mount",
						"of-config:capable-switch",
						"resources",
						"port=ofc-bridge"
					]
				}
			},
			"response": []
		},
		{
			"name": "Get Element Port Configuration NETCONF",
			"request": {
				"auth": {
					"type": "basic",
					"basic": [
						{
							"key": "password",
							"value": "pass",
							"type": "string"
						},
						{
							"key": "username",
							"value": "admin",
							"type": "string"
						}
					]
				},
				"method": "GET",
				"header": [
					{
						"key": "Content-Type",
						"name": "Content-Type",
						"type": "text",
						"value": "application/json"
					},
					{
						"key": "Accept",
						"type": "text",
						"value": "application/json"
					},
					{
						"key": "X-FromAppId",
						"type": "text",
						"value": "csit-sdnc",
						"disabled": true
					},
					{
						"key": "X-TransactionId",
						"type": "text",
						"value": "csit-sdnc",
						"disabled": true
					},
					{
						"key": "Authorization",
						"type": "text",
						"value": "Basic YWRtaW46S3A4Yko0U1hzek0wV1hsaGFrM2VIbGNzZTJnQXc4NHZhb0dHbUp2VXkyVQ==",
						"disabled": true
					}
				],
				"url": {
					"raw": "http://localhost:8080/api/restconf/data/network-topology:network-topology/topology=topology-netconf/node=odl-ofconfig-netconf/yang-ext:mount/of-config:capable-switch/resources/port=ofc-bridge/configuration",
					"protocol": "http",
					"host": [
						"localhost"
					],
					"port": "8080",
					"path": [
						"api",
						"restconf",
						"data",
						"network-topology:network-topology",
						"topology=topology-netconf",
						"node=odl-ofconfig-netconf",
						"yang-ext:mount",
						"of-config:capable-switch",
						"resources",
						"port=ofc-bridge",
						"configuration"
					]
				}
			},
			"response": []
		},
		{
			"name": "Get Element Port State NETCONF",
			"request": {
				"auth": {
					"type": "basic",
					"basic": [
						{
							"key": "password",
							"value": "pass",
							"type": "string"
						},
						{
							"key": "username",
							"value": "admin",
							"type": "string"
						}
					]
				},
				"method": "GET",
				"header": [
					{
						"key": "Content-Type",
						"name": "Content-Type",
						"type": "text",
						"value": "application/json"
					},
					{
						"key": "Accept",
						"type": "text",
						"value": "application/json"
					},
					{
						"key": "X-FromAppId",
						"type": "text",
						"value": "csit-sdnc",
						"disabled": true
					},
					{
						"key": "X-TransactionId",
						"type": "text",
						"value": "csit-sdnc",
						"disabled": true
					},
					{
						"key": "Authorization",
						"type": "text",
						"value": "Basic YWRtaW46S3A4Yko0U1hzek0wV1hsaGFrM2VIbGNzZTJnQXc4NHZhb0dHbUp2VXkyVQ==",
						"disabled": true
					}
				],
				"url": {
					"raw": "http://localhost:8080/api/restconf/data/network-topology:network-topology/topology=topology-netconf/node=odl-ofconfig-netconf/yang-ext:mount/of-config:capable-switch/resources/port=ofc-bridge/state",
					"protocol": "http",
					"host": [
						"localhost"
					],
					"port": "8080",
					"path": [
						"api",
						"restconf",
						"data",
						"network-topology:network-topology",
						"topology=topology-netconf",
						"node=odl-ofconfig-netconf",
						"yang-ext:mount",
						"of-config:capable-switch",
						"resources",
						"port=ofc-bridge",
						"state"
					]
				}
			},
			"response": []
		},
		{
			"name": "Get Element Port Features NETCONF",
			"request": {
				"auth": {
					"type": "basic",
					"basic": [
						{
							"key": "password",
							"value": "pass",
							"type": "string"
						},
						{
							"key": "username",
							"value": "admin",
							"type": "string"
						}
					]
				},
				"method": "GET",
				"header": [
					{
						"key": "Content-Type",
						"name": "Content-Type",
						"type": "text",
						"value": "application/json"
					},
					{
						"key": "Accept",
						"type": "text",
						"value": "application/json"
					},
					{
						"key": "X-FromAppId",
						"type": "text",
						"value": "csit-sdnc",
						"disabled": true
					},
					{
						"key": "X-TransactionId",
						"type": "text",
						"value": "csit-sdnc",
						"disabled": true
					},
					{
						"key": "Authorization",
						"type": "text",
						"value": "Basic YWRtaW46S3A4Yko0U1hzek0wV1hsaGFrM2VIbGNzZTJnQXc4NHZhb0dHbUp2VXkyVQ==",
						"disabled": true
					}
				],
				"url": {
					"raw": "http://localhost:8080/api/restconf/data/network-topology:network-topology/topology=topology-netconf/node=odl-ofconfig-netconf/yang-ext:mount/of-config:capable-switch/resources/port=ofc-bridge/features",
					"protocol": "http",
					"host": [
						"localhost"
					],
					"port": "8080",
					"path": [
						"api",
						"restconf",
						"data",
						"network-topology:network-topology",
						"topology=topology-netconf",
						"node=odl-ofconfig-netconf",
						"yang-ext:mount",
						"of-config:capable-switch",
						"resources",
						"port=ofc-bridge",
						"features"
					]
				}
			},
			"response": []
		},
		{
			"name": "**Get Logical Switch Configuration NETCONF",
			"request": {
				"auth": {
					"type": "basic",
					"basic": [
						{
							"key": "password",
							"value": "pass",
							"type": "string"
						},
						{
							"key": "username",
							"value": "admin",
							"type": "string"
						}
					]
				},
				"method": "GET",
				"header": [
					{
						"key": "Content-Type",
						"name": "Content-Type",
						"type": "text",
						"value": "application/json"
					},
					{
						"key": "Accept",
						"type": "text",
						"value": "application/json"
					},
					{
						"key": "X-FromAppId",
						"type": "text",
						"value": "csit-sdnc",
						"disabled": true
					},
					{
						"key": "X-TransactionId",
						"type": "text",
						"value": "csit-sdnc",
						"disabled": true
					},
					{
						"key": "Authorization",
						"type": "text",
						"value": "Basic YWRtaW46S3A4Yko0U1hzek0wV1hsaGFrM2VIbGNzZTJnQXc4NHZhb0dHbUp2VXkyVQ==",
						"disabled": true
					}
				],
				"url": {
					"raw": "http://localhost:8080/api/restconf/data/network-topology:network-topology/topology=topology-netconf/node=odl-ofconfig-netconf/yang-ext:mount/of-config:capable-switch/logical-switches/switch=ofc-bridge",
					"protocol": "http",
					"host": [
						"localhost"
					],
					"port": "8080",
					"path": [
						"api",
						"restconf",
						"data",
						"network-topology:network-topology",
						"topology=topology-netconf",
						"node=odl-ofconfig-netconf",
						"yang-ext:mount",
						"of-config:capable-switch",
						"logical-switches",
						"switch=ofc-bridge"
					]
				}
			},
			"response": []
		},
		{
			"name": "Get Logical Switch Capabilities NETCONF",
			"request": {
				"auth": {
					"type": "basic",
					"basic": [
						{
							"key": "password",
							"value": "pass",
							"type": "string"
						},
						{
							"key": "username",
							"value": "admin",
							"type": "string"
						}
					]
				},
				"method": "GET",
				"header": [
					{
						"key": "Content-Type",
						"name": "Content-Type",
						"type": "text",
						"value": "application/json"
					},
					{
						"key": "Accept",
						"type": "text",
						"value": "application/json"
					},
					{
						"key": "X-FromAppId",
						"type": "text",
						"value": "csit-sdnc",
						"disabled": true
					},
					{
						"key": "X-TransactionId",
						"type": "text",
						"value": "csit-sdnc",
						"disabled": true
					},
					{
						"key": "Authorization",
						"type": "text",
						"value": "Basic YWRtaW46S3A4Yko0U1hzek0wV1hsaGFrM2VIbGNzZTJnQXc4NHZhb0dHbUp2VXkyVQ==",
						"disabled": true
					}
				],
				"url": {
					"raw": "http://localhost:8080/api/restconf/data/network-topology:network-topology/topology=topology-netconf/node=odl-ofconfig-netconf/yang-ext:mount/of-config:capable-switch/logical-switches/switch=ofc-bridge/capabilities",
					"protocol": "http",
					"host": [
						"localhost"
					],
					"port": "8080",
					"path": [
						"api",
						"restconf",
						"data",
						"network-topology:network-topology",
						"topology=topology-netconf",
						"node=odl-ofconfig-netconf",
						"yang-ext:mount",
						"of-config:capable-switch",
						"logical-switches",
						"switch=ofc-bridge",
						"capabilities"
					]
				}
			},
			"response": []
		},
		{
			"name": "Get Logical Switch Resources NETCONF",
			"request": {
				"auth": {
					"type": "basic",
					"basic": [
						{
							"key": "password",
							"value": "pass",
							"type": "string"
						},
						{
							"key": "username",
							"value": "admin",
							"type": "string"
						}
					]
				},
				"method": "GET",
				"header": [
					{
						"key": "Content-Type",
						"name": "Content-Type",
						"type": "text",
						"value": "application/json"
					},
					{
						"key": "Accept",
						"type": "text",
						"value": "application/json"
					},
					{
						"key": "X-FromAppId",
						"type": "text",
						"value": "csit-sdnc",
						"disabled": true
					},
					{
						"key": "X-TransactionId",
						"type": "text",
						"value": "csit-sdnc",
						"disabled": true
					},
					{
						"key": "Authorization",
						"type": "text",
						"value": "Basic YWRtaW46S3A4Yko0U1hzek0wV1hsaGFrM2VIbGNzZTJnQXc4NHZhb0dHbUp2VXkyVQ==",
						"disabled": true
					}
				],
				"url": {
					"raw": "http://localhost:8080/api/restconf/data/network-topology:network-topology/topology=topology-netconf/node=odl-ofconfig-netconf/yang-ext:mount/of-config:capable-switch/logical-switches/switch=ofc-bridge/resources",
					"protocol": "http",
					"host": [
						"localhost"
					],
					"port": "8080",
					"path": [
						"api",
						"restconf",
						"data",
						"network-topology:network-topology",
						"topology=topology-netconf",
						"node=odl-ofconfig-netconf",
						"yang-ext:mount",
						"of-config:capable-switch",
						"logical-switches",
						"switch=ofc-bridge",
						"resources"
					]
				}
			},
			"response": []
		},
		{
			"name": "Add Queue to Capable Switch NETCONF",
			"request": {
				"auth": {
					"type": "basic",
					"basic": [
						{
							"key": "password",
							"value": "noapass",
							"type": "string"
						},
						{
							"key": "username",
							"value": "noaadmin",
							"type": "string"
						}
					]
				},
				"method": "POST",
				"header": [],
				"body": {
					"mode": "raw",
					"raw": "{\r\n  \"id\": 1,\r\n  \"port\": \"ofc-bridge1\"\r\n}",
					"options": {
						"raw": {
							"language": "json"
						}
					}
				},
				"url": {
					"raw": "http://localhost:8080/api/restconf/data/network-topology:network-topology/topology=topology-netconf/node=odl-ofconfig-netconf/yang-ext:mount/of-config:capable-switch/resources/queue=new",
					"protocol": "http",
					"host": [
						"localhost"
					],
					"port": "8080",
					"path": [
						"api",
						"restconf",
						"data",
						"network-topology:network-topology",
						"topology=topology-netconf",
						"node=odl-ofconfig-netconf",
						"yang-ext:mount",
						"of-config:capable-switch",
						"resources",
						"queue=new"
					]
				}
			},
			"response": []
		},
		{
			"name": "GET Topology OpenFlow",
			"protocolProfileBehavior": {
				"disableBodyPruning": true
			},
			"request": {
				"auth": {
					"type": "basic",
					"basic": [
						{
							"key": "password",
							"value": "admin",
							"type": "string"
						},
						{
							"key": "username",
							"value": "admin",
							"type": "string"
						}
					]
				},
				"method": "GET",
				"header": [],
				"body": {
					"mode": "raw",
					"raw": ""
				},
				"url": {
					"raw": "http://loacalhost:8080/api/restconf/data/network-topology:network-topology/topology=flow%3A1",
					"protocol": "http",
					"host": [
						"loacalhost"
					],
					"port": "8080",
					"path": [
						"api",
						"restconf",
						"data",
						"network-topology:network-topology",
						"topology=flow%3A1"
					]
				}
			},
			"response": []
		},
		{
			"name": "DELETE Network Topology OpenFlow",
			"request": {
				"auth": {
					"type": "basic",
					"basic": [
						{
							"key": "password",
							"value": "admin",
							"type": "string"
						},
						{
							"key": "username",
							"value": "admin",
							"type": "string"
						}
					]
				},
				"method": "DELETE",
				"header": [],
				"body": {
					"mode": "raw",
					"raw": "{\r\n    \"topology\":{\r\n        \"topology-id\": \"flow:2\"\r\n    }\r\n}",
					"options": {
						"raw": {
							"language": "json"
						}
					}
				},
				"url": {
					"raw": "http://loacalhost:8080/api/restconf/data/network-topology:network-topology/topology=flow%3A1",
					"protocol": "http",
					"host": [
						"loacalhost"
					],
					"port": "8080",
					"path": [
						"api",
						"restconf",
						"data",
						"network-topology:network-topology",
						"topology=flow%3A1"
					]
				}
			},
			"response": []
		},
		{
			"name": "GET OpenFlow Node By Name",
			"protocolProfileBehavior": {
				"disableBodyPruning": true
			},
			"request": {
				"auth": {
					"type": "basic",
					"basic": [
						{
							"key": "password",
							"value": "admin",
							"type": "string"
						},
						{
							"key": "username",
							"value": "admin",
							"type": "string"
						}
					]
				},
				"method": "GET",
				"header": [],
				"body": {
					"mode": "raw",
					"raw": "",
					"options": {
						"raw": {
							"language": "json"
						}
					}
				},
				"url": {
					"raw": "http://loacalhost:8080/api/restconf/data/network-topology:network-topology/topology=flow%3A1/node=openflow%3A1",
					"protocol": "http",
					"host": [
						"loacalhost"
					],
					"port": "8080",
					"path": [
						"api",
						"restconf",
						"data",
						"network-topology:network-topology",
						"topology=flow%3A1",
						"node=openflow%3A1"
					]
				}
			},
			"response": []
		},
		{
			"name": "DELETE OpenFlow Node",
			"request": {
				"auth": {
					"type": "basic",
					"basic": [
						{
							"key": "password",
							"value": "admin",
							"type": "string"
						},
						{
							"key": "username",
							"value": "admin",
							"type": "string"
						}
					]
				},
				"method": "DELETE",
				"header": [],
				"body": {
					"mode": "raw",
					"raw": "",
					"options": {
						"raw": {
							"language": "json"
						}
					}
				},
				"url": {
					"raw": "http://loacalhost:8080/api/restconf/data/network-topology:network-topology/topology=flow%3A1/node=openflow%3A1",
					"protocol": "http",
					"host": [
						"loacalhost"
					],
					"port": "8080",
					"path": [
						"api",
						"restconf",
						"data",
						"network-topology:network-topology",
						"topology=flow%3A1",
						"node=openflow%3A1"
					]
				}
			},
			"response": []
		},
		{
			"name": "GET OpenFlow Link",
			"protocolProfileBehavior": {
				"disableBodyPruning": true
			},
			"request": {
				"auth": {
					"type": "basic",
					"basic": [
						{
							"key": "password",
							"value": "pass",
							"type": "string"
						},
						{
							"key": "username",
							"value": "admin",
							"type": "string"
						}
					]
				},
				"method": "GET",
				"header": [],
				"body": {
					"mode": "raw",
					"raw": "{\r\n  \"link\": [\r\n    {\r\n      \"link-id\": \"openflow:1:2\",\r\n      \"source\": {\r\n        \"source-node\": \"openflow:1\",\r\n        \"source-tp\": \"openflow:1:2\"\r\n      },\r\n      \"destination\": {\r\n        \"dest-node\": \"openflow:2\",\r\n        \"dest-tp\": \"openflow:2:2\"\r\n      }\r\n      \r\n    }\r\n  ]\r\n}",
					"options": {
						"raw": {
							"language": "json"
						}
					}
				},
				"url": {
					"raw": "http://loacalhost:8080/api/restconf/data/network-topology:network-topology/topology=flow%3A1/link=openflow%3A2%3A3",
					"protocol": "http",
					"host": [
						"loacalhost"
					],
					"port": "8080",
					"path": [
						"api",
						"restconf",
						"data",
						"network-topology:network-topology",
						"topology=flow%3A1",
						"link=openflow%3A2%3A3"
					]
				}
			},
			"response": []
		},
		{
			"name": "DELETE OpenFlow Link",
			"request": {
				"auth": {
					"type": "basic",
					"basic": [
						{
							"key": "password",
							"value": "admin",
							"type": "string"
						},
						{
							"key": "username",
							"value": "admin",
							"type": "string"
						}
					]
				},
				"method": "DELETE",
				"header": [],
				"body": {
					"mode": "raw",
					"raw": "{\r\n  \"node\": [\r\n    {\r\n      \"node-id\": \"openflow:1\",\r\n      \"port\": 830,\r\n      \"termination-point\": [\r\n        {\r\n          \"tp-id\": \"openflow:1:1\"\r\n        },\r\n        {\r\n          \"tp-id\": \"openflow:1:2\"\r\n        }\r\n      ],\r\n      \"reconnect-on-changed-schema\": false,\r\n      \"connection-timeout-millis\": 20000,\r\n      \"tcp-only\": false,\r\n      \"max-connection-attempts\": 0,\r\n      \"username\": \"admin\",\r\n      \"password\": \"admin\",\r\n      \"sleep-factor\": 1.5,\r\n      \"host\": \"192.168.1.100\",\r\n      \"between-attempts-timeout-millis\": 2000,\r\n      \"keepalive-delay\": 120\r\n    }\r\n  ]\r\n}",
					"options": {
						"raw": {
							"language": "json"
						}
					}
				},
				"url": {
					"raw": "http://loacalhost:8080/api/restconf/data/network-topology:network-topology/topology=flow%3A2/link=openflow%3A1%3A2",
					"protocol": "http",
					"host": [
						"loacalhost"
					],
					"port": "8080",
					"path": [
						"api",
						"restconf",
						"data",
						"network-topology:network-topology",
						"topology=flow%3A2",
						"link=openflow%3A1%3A2"
					]
				}
			},
			"response": []
		},
		{
			"name": "GET OpenFlow Node inventory",
			"protocolProfileBehavior": {
				"disableBodyPruning": true,
				"disabledSystemHeaders": {}
			},
			"request": {
				"auth": {
					"type": "basic",
					"basic": [
						{
							"key": "username",
							"value": "admin",
							"type": "string"
						},
						{
							"key": "password",
							"value": "admin",
							"type": "string"
						}
					]
				},
				"method": "GET",
				"header": [],
				"body": {
					"mode": "raw",
					"raw": ""
				},
				"url": {
					"raw": "http://loacalhost:8080/api/restconf/data/opendaylight-inventory:nodes",
					"protocol": "http",
					"host": [
						"loacalhost"
					],
					"port": "8080",
					"path": [
						"api",
						"restconf",
						"data",
						"opendaylight-inventory:nodes"
					]
				}
			},
			"response": []
		},
		{
			"name": "GET OpenFlow Node operational",
			"protocolProfileBehavior": {
				"disableBodyPruning": true
			},
			"request": {
				"auth": {
					"type": "basic",
					"basic": [
						{
							"key": "password",
							"value": "admin",
							"type": "string"
						},
						{
							"key": "username",
							"value": "admin",
							"type": "string"
						}
					]
				},
				"method": "GET",
				"header": [],
				"body": {
					"mode": "raw",
					"raw": ""
				},
				"url": {
					"raw": "http://loacalhost:8080/api/restconf/data/opendaylight-inventory:nodes/node=openflow%3A1?content=nonconfig",
					"protocol": "http",
					"host": [
						"loacalhost"
					],
					"port": "8080",
					"path": [
						"api",
						"restconf",
						"data",
						"opendaylight-inventory:nodes",
						"node=openflow%3A1"
					],
					"query": [
						{
							"key": "content",
							"value": "nonconfig"
						}
					]
				}
			},
			"response": []
		},
		{
			"name": "GET Node OpenFlow",
			"protocolProfileBehavior": {
				"disableBodyPruning": true
			},
			"request": {
				"auth": {
					"type": "basic",
					"basic": [
						{
							"key": "password",
							"value": "admin",
							"type": "string"
						},
						{
							"key": "username",
							"value": "admin",
							"type": "string"
						}
					]
				},
				"method": "GET",
				"header": [],
				"body": {
					"mode": "raw",
					"raw": ""
				},
				"url": {
					"raw": "http://loacalhost:8080/api/restconf/data/opendaylight-inventory:nodes/node=openflow%3A2",
					"protocol": "http",
					"host": [
						"loacalhost"
					],
					"port": "8080",
					"path": [
						"api",
						"restconf",
						"data",
						"opendaylight-inventory:nodes",
						"node=openflow%3A2"
					]
				}
			},
			"response": []
		},
		{
			"name": "DELETE  Node OpenFlow",
			"request": {
				"auth": {
					"type": "basic",
					"basic": [
						{
							"key": "password",
							"value": "admin",
							"type": "string"
						},
						{
							"key": "username",
							"value": "admin",
							"type": "string"
						}
					]
				},
				"method": "DELETE",
				"header": [],
				"body": {
					"mode": "raw",
					"raw": ""
				},
				"url": {
					"raw": "http://loacalhost:8080/api/restconf/data/opendaylight-inventory:nodes/node=openflow%3A1",
					"protocol": "http",
					"host": [
						"loacalhost"
					],
					"port": "8080",
					"path": [
						"api",
						"restconf",
						"data",
						"opendaylight-inventory:nodes",
						"node=openflow%3A1"
					]
				}
			},
			"response": []
		},
		{
			"name": "GET Port  OpenFlow",
			"protocolProfileBehavior": {
				"disableBodyPruning": true
			},
			"request": {
				"auth": {
					"type": "basic",
					"basic": [
						{
							"key": "password",
							"value": "admin",
							"type": "string"
						},
						{
							"key": "username",
							"value": "admin",
							"type": "string"
						}
					]
				},
				"method": "GET",
				"header": [],
				"body": {
					"mode": "raw",
					"raw": ""
				},
				"url": {
					"raw": "http://loacalhost:8080/api/restconf/data/opendaylight-inventory:nodes/node=openflow%3A1/node-connector=openflow%3A2%3A1",
					"protocol": "http",
					"host": [
						"loacalhost"
					],
					"port": "8080",
					"path": [
						"api",
						"restconf",
						"data",
						"opendaylight-inventory:nodes",
						"node=openflow%3A1",
						"node-connector=openflow%3A2%3A1"
					]
				}
			},
			"response": []
		},
		{
			"name": "GET Flow Table by ID  OpenFlow",
			"request": {
				"auth": {
					"type": "basic",
					"basic": [
						{
							"key": "password",
							"value": "pass",
							"type": "string"
						},
						{
							"key": "username",
							"value": "admin",
							"type": "string"
						}
					]
				},
				"method": "GET",
				"header": [],
				"url": {
					"raw": "http://loacalhost:8080/api/restconf/data/opendaylight-inventory:nodes/node=openflow%3A1/table=0",
					"protocol": "http",
					"host": [
						"loacalhost"
					],
					"port": "8080",
					"path": [
						"api",
						"restconf",
						"data",
						"opendaylight-inventory:nodes",
						"node=openflow%3A1",
						"table=0"
					]
				}
			},
			"response": []
		},
		{
			"name": "ADD Flow to Table  OpenFlow",
			"request": {
				"auth": {
					"type": "basic",
					"basic": [
						{
							"key": "password",
							"value": "pass",
							"type": "string"
						},
						{
							"key": "username",
							"value": "admin",
							"type": "string"
						}
					]
				},
				"method": "PUT",
				"header": [
					{
						"key": "Content-Type",
						"name": "Content-Type",
						"value": "application/json",
						"type": "text"
					}
				],
				"body": {
					"mode": "raw",
					"raw": "{\n    \"flow-node-inventory:flow\": [\n        {\n            \"id\": \"1\",\n            \"flow-name\": \"new flow\",\n            \"table_id\": 0,\n            \"priority\": 32766,\n            \"hard-timeout\": 0,\n            \"match\": {\n                \"in-port\": \"openflow:3:1\"\n            },\n            \"cookie\": \"0\",\n            \"instructions\": {\n                \"instruction\": [\n                    {\n                        \"order\": 0,\n                        \"apply-actions\": {\n                            \"action\": [\n                                {\n                                    \"order\": 0,\n                                    \"output-action\": {\n                                        \"max-length\": 0,\n                                        \"output-node-connector\": \"2\"\n                                    }\n                                }\n                            ]\n                        }\n                    }\n                ]\n            },\n            \"idle-timeout\": 0\n        }\n    ]\n}",
					"options": {
						"raw": {
							"language": "json"
						}
					}
				},
				"url": {
					"raw": "http://loacalhost:8080/api/restconf/data/opendaylight-inventory:nodes/node=openflow%3A3/table=0/flow=1",
					"protocol": "http",
					"host": [
						"loacalhost"
					],
					"port": "8080",
					"path": [
						"api",
						"restconf",
						"data",
						"opendaylight-inventory:nodes",
						"node=openflow%3A3",
						"table=0",
						"flow=1"
					]
				}
			},
			"response": []
		},
		{
			"name": "Get Flow by ID OpenFlow",
			"protocolProfileBehavior": {
				"disableBodyPruning": true
			},
			"request": {
				"auth": {
					"type": "basic",
					"basic": [
						{
							"key": "password",
							"value": "admin",
							"type": "string"
						},
						{
							"key": "username",
							"value": "admin",
							"type": "string"
						}
					]
				},
				"method": "GET",
				"header": [
					{
						"key": "Content-Type",
						"name": "Content-Type",
						"value": "application/json",
						"type": "text"
					}
				],
				"body": {
					"mode": "raw",
					"raw": "",
					"options": {
						"raw": {
							"language": "json"
						}
					}
				},
				"url": {
					"raw": "http://localhost:8888/restconf/data/opendaylight-inventory:nodes/node=openflow%3A3/table=0/flow=1",
					"protocol": "http",
					"host": [
						"localhost"
					],
					"port": "8888",
					"path": [
						"restconf",
						"data",
						"opendaylight-inventory:nodes",
						"node=openflow%3A3",
						"table=0",
						"flow=1"
					]
				}
			},
			"response": []
		},
		{
			"name": "UPDATE Flow by ID OpenFlow",
			"protocolProfileBehavior": {
				"disabledSystemHeaders": {}
			},
			"request": {
				"auth": {
					"type": "basic",
					"basic": [
						{
							"key": "password",
							"value": "admin",
							"type": "string"
						},
						{
							"key": "username",
							"value": "admin",
							"type": "string"
						}
					]
				},
				"method": "PUT",
				"header": [
					{
						"key": "Content-Type",
						"value": "application/json",
						"type": "text"
					}
				],
				"body": {
					"mode": "raw",
					"raw": "{\r\n    \"flow-node-inventory:flow\": [\r\n        {\r\n            \"id\": \"1\",\r\n            \"table_id\": 0,\r\n            \"priority\": 32767,\r\n            \"hard-timeout\": 5,\r\n            \"match\": {\r\n                \"in-port\": \"openflow:3:2\",\r\n                \"metadata\": {\r\n                    \"metadata\": \"624\",\r\n                    \"metadata-mask\": \"545\"\r\n                }\r\n            },\r\n            \"cookie\": \"25\",\r\n            \"instructions\": {\r\n                \"instruction\": [\r\n                    {\r\n                        \"order\": 0,\r\n                        \"apply-actions\": {\r\n                            \"action\": [\r\n                                {\r\n                                    \"order\": 0,\r\n                                    \"output-action\": {\r\n                                        \"max-length\": 5256,\r\n                                        \"output-node-connector\": \"1\"\r\n                                    }\r\n                                },\r\n                                {\r\n                                    \"order\": 1,\r\n                                    \"controller-action\": {\r\n                                        \"max-length\": 750\r\n                                    }\r\n                                },\r\n                                {\r\n                                    \"order\": 2,\r\n                                    \"set-queue-action\": {\r\n                                        \"queue\": \"256\",\r\n                                        \"queue-id\": 265\r\n                                    }\r\n                                },\r\n                                {\r\n                                    \"order\": 3,\r\n                                    \"pop-mpls-action\": {\r\n                                        \"ethernet-type\": 5256\r\n                                    }\r\n                                }\r\n                            ]\r\n                        }\r\n                    }\r\n                ]\r\n            },\r\n            \"idle-timeout\": 10\r\n        }\r\n    ]\r\n}",
					"options": {
						"raw": {
							"language": "json"
						}
					}
				},
				"url": {
					"raw": "http://localhost:8888/restconf/data/opendaylight-inventory:nodes/node=openflow%3A3/table=0/flow=1",
					"protocol": "http",
					"host": [
						"localhost"
					],
					"port": "8888",
					"path": [
						"restconf",
						"data",
						"opendaylight-inventory:nodes",
						"node=openflow%3A3",
						"table=0",
						"flow=1"
					]
				}
			},
			"response": []
		},
		{
			"name": "DELETE Flow by ID OpenFlow",
			"request": {
				"auth": {
					"type": "basic",
					"basic": [
						{
							"key": "password",
							"value": "admin",
							"type": "string"
						},
						{
							"key": "username",
							"value": "admin",
							"type": "string"
						}
					]
				},
				"method": "DELETE",
				"header": [
					{
						"key": "Content-Type",
						"name": "Content-Type",
						"value": "application/xml",
						"type": "text"
					}
				],
				"body": {
					"mode": "raw",
					"raw": ""
				},
				"url": {
					"raw": "http://localhost:8888/restconf/data/opendaylight-inventory:nodes/node=openflow%3A1/table=0/flow=1",
					"protocol": "http",
					"host": [
						"localhost"
					],
					"port": "8888",
					"path": [
						"restconf",
						"data",
						"opendaylight-inventory:nodes",
						"node=openflow%3A1",
						"table=0",
						"flow=1"
					]
				}
			},
			"response": []
		},
		{
			"name": "Get Flow Statistics OpenFlow",
			"protocolProfileBehavior": {
				"disableBodyPruning": true
			},
			"request": {
				"auth": {
					"type": "basic",
					"basic": [
						{
							"key": "password",
							"value": "admin",
							"type": "string"
						},
						{
							"key": "username",
							"value": "admin",
							"type": "string"
						}
					]
				},
				"method": "GET",
				"header": [
					{
						"key": "Content-Type",
						"name": "Content-Type",
						"value": "application/xml",
						"type": "text"
					}
				],
				"body": {
					"mode": "raw",
					"raw": ""
				},
				"url": {
					"raw": "http://localhost:8888/restconf/data/opendaylight-inventory:nodes/node=openflow%3A1/table=0/flow=1/opendaylight-flow-statistics:flow-statistics",
					"protocol": "http",
					"host": [
						"localhost"
					],
					"port": "8888",
					"path": [
						"restconf",
						"data",
						"opendaylight-inventory:nodes",
						"node=openflow%3A1",
						"table=0",
						"flow=1",
						"opendaylight-flow-statistics:flow-statistics"
					]
				}
			},
			"response": []
		},
		{
			"name": "GET Group Features OpenFlow",
			"protocolProfileBehavior": {
				"disableBodyPruning": true
			},
			"request": {
				"method": "GET",
				"header": [],
				"body": {
					"mode": "raw",
					"raw": "",
					"options": {
						"raw": {
							"language": "json"
						}
					}
				},
				"url": {
					"raw": "http://localhost:8888/restconf/data/opendaylight-inventory:nodes/node=openflow%3A1/opendaylight-group-statistics:group-features",
					"protocol": "http",
					"host": [
						"localhost"
					],
					"port": "8888",
					"path": [
						"restconf",
						"data",
						"opendaylight-inventory:nodes",
						"node=openflow%3A1",
						"opendaylight-group-statistics:group-features"
					]
				}
			},
			"response": []
		},
		{
			"name": "Create Action Group OpenFlow",
			"request": {
				"method": "PUT",
				"header": [],
				"body": {
					"mode": "raw",
					"raw": "{\r\n    \"group\": [\r\n        {\r\n            \"group-type\": \"group-all\",\r\n            \"group-id\": 1,\r\n            \"group-name\": \"All Group\",\r\n            \"barrier\": false,\r\n            \"buckets\": {\r\n                \"bucket\": [\r\n                    {\r\n                        \"bucket-id\": 1,\r\n                        \"weight\": 0,\r\n                        \"watch_port\": 0,\r\n                        \"watch_group\": 0,\r\n                        \"action\": [\r\n                            {\r\n                                \"order\": 0,\r\n                                \"output-action\": {\r\n                                    \"max-length\": 65535,\r\n                                    \"output-node-connector\": \"CONTROLLER\"\r\n                                }\r\n                            }\r\n                        ]\r\n                    },\r\n                    {\r\n                        \"bucket-id\": 2,\r\n                        \"weight\": 0,\r\n                        \"watch_port\": 0,\r\n                        \"watch_group\": 0,\r\n                        \"action\": [\r\n                            {\r\n                                \"order\": 0,\r\n                                \"controller-action\": {\r\n                                    \"max-length\": 0\r\n                                }\r\n                            }\r\n                        ]\r\n                    }\r\n                ]\r\n            },\r\n            \"group-statistics\": {\r\n                \"group-id\": 1,\r\n                \"ref-count\": 0,\r\n                \"packet-count\": 0,\r\n                \"byte-count\": 0,\r\n                \"duration\": {\r\n                    \"second\": 0,\r\n                    \"nanosecond\": 0\r\n                },\r\n                \"buckets\": {\r\n                    \"bucket-counter\": [\r\n                        {\r\n                            \"bucket-id\": 1,\r\n                            \"packet-count\": 0,\r\n                            \"byte-count\": 0\r\n                        },\r\n                        {\r\n                            \"bucket-id\": 2,\r\n                            \"packet-count\": 0,\r\n                            \"byte-count\": 0\r\n                        }\r\n                    ]\r\n                }\r\n            }\r\n        }\r\n    ]\r\n}",
					"options": {
						"raw": {
							"language": "json"
						}
					}
				},
				"url": {
					"raw": "http://localhost:8888/restconf/data/opendaylight-inventory:nodes/node=openflow%3A1/group=1",
					"protocol": "http",
					"host": [
						"localhost"
					],
					"port": "8888",
					"path": [
						"restconf",
						"data",
						"opendaylight-inventory:nodes",
						"node=openflow%3A1",
						"group=1"
					]
				}
			},
			"response": []
		},
		{
			"name": "Get Action Group OpenFlow",
			"protocolProfileBehavior": {
				"disableBodyPruning": true
			},
			"request": {
				"method": "GET",
				"header": [],
				"body": {
					"mode": "raw",
					"raw": "",
					"options": {
						"raw": {
							"language": "json"
						}
					}
				},
				"url": {
					"raw": "http://localhost:8888/restconf/data/opendaylight-inventory:nodes/node=openflow%3A1/group=1",
					"protocol": "http",
					"host": [
						"localhost"
					],
					"port": "8888",
					"path": [
						"restconf",
						"data",
						"opendaylight-inventory:nodes",
						"node=openflow%3A1",
						"group=1"
					]
				}
			},
			"response": []
		},
		{
			"name": "Delete Action Group OpenFlow",
			"request": {
				"method": "DELETE",
				"header": [],
				"body": {
					"mode": "raw",
					"raw": "",
					"options": {
						"raw": {
							"language": "json"
						}
					}
				},
				"url": {
					"raw": "http://localhost:8888/restconf/data/opendaylight-inventory:nodes/node=openflow%3A1/group=1",
					"protocol": "http",
					"host": [
						"localhost"
					],
					"port": "8888",
					"path": [
						"restconf",
						"data",
						"opendaylight-inventory:nodes",
						"node=openflow%3A1",
						"group=1"
					]
				}
			},
			"response": []
		},
		{
			"name": "Create Meter OpenFlow",
			"request": {
				"method": "PUT",
				"header": [],
				"body": {
					"mode": "raw",
					"raw": "{\r\n    \"flow-node-inventory:meter\": [\r\n        {\r\n            \"meter-id\": 1,\r\n            \"meter-name\": \"Foo\",\r\n            \"flags\": \"meter-kbps\",\r\n            \"barrier\": false,\r\n            \"meter-band-headers\": {\r\n                \"meter-band-header\": [\r\n                    {\r\n                        \"band-id\": 1,\r\n                        \"drop-rate\": 100,\r\n                        \"drop-burst-size\": 0,\r\n                        \"band-rate\": 100,\r\n                        \"band-burst-size\": 0,\r\n                        \"meter-band-types\": {\r\n                            \"flags\": \"ofpmbt-drop\"\r\n                        }\r\n                    },\r\n                    {\r\n                        \"band-id\": 2,\r\n                        \"drop-rate\": 200,\r\n                        \"drop-burst-size\": 0,\r\n                        \"band-rate\": 150,\r\n                        \"band-burst-size\": 0,\r\n                        \"meter-band-types\": {\r\n                            \"flags\": \"ofpmbt-drop\"\r\n                        }\r\n                    }\r\n                ]\r\n            },\r\n            \"opendaylight-meter-statistics:meter-statistics\": {\r\n                \"packet-in-count\": 0,\r\n                \"flow-count\": 0,\r\n                \"meter-id\": 1,\r\n                \"byte-in-count\": 0,\r\n                \"meter-band-stats\": {\r\n                    \"band-stat\": [\r\n                        {\r\n                            \"band-id\": 1,\r\n                            \"packet-band-count\": 1758,\r\n                            \"byte-band-count\": 348000\r\n                        },\r\n                        {\r\n                            \"band-id\": 2,\r\n                            \"packet-band-count\": 0,\r\n                            \"byte-band-count\": 0\r\n                        }\r\n                    ]\r\n                },\r\n                \"duration\": {\r\n                    \"nanosecond\": 364000000,\r\n                    \"second\": 114\r\n                }\r\n            }\r\n        }\r\n    ]\r\n}",
					"options": {
						"raw": {
							"language": "json"
						}
					}
				},
				"url": {
					"raw": "http://localhost:8888/restconf/data/opendaylight-inventory:nodes/node=openflow%3A1/meter=1",
					"protocol": "http",
					"host": [
						"localhost"
					],
					"port": "8888",
					"path": [
						"restconf",
						"data",
						"opendaylight-inventory:nodes",
						"node=openflow%3A1",
						"meter=1"
					]
				}
			},
			"response": []
		},
		{
			"name": "Get Meter OpenFlow",
			"protocolProfileBehavior": {
				"disableBodyPruning": true
			},
			"request": {
				"method": "GET",
				"header": [],
				"body": {
					"mode": "raw",
					"raw": "",
					"options": {
						"raw": {
							"language": "json"
						}
					}
				},
				"url": {
					"raw": "http://localhost:8888/restconf/data/opendaylight-inventory:nodes/node=openflow%3A1/meter=1",
					"protocol": "http",
					"host": [
						"localhost"
					],
					"port": "8888",
					"path": [
						"restconf",
						"data",
						"opendaylight-inventory:nodes",
						"node=openflow%3A1",
						"meter=1"
					]
				}
			},
			"response": []
		},
		{
			"name": "Delete Meter OpenFlow",
			"request": {
				"method": "DELETE",
				"header": [],
				"body": {
					"mode": "raw",
					"raw": "{\r\n    \"meter-id\": 1,\r\n    \"meter-name\": \"Foo\",\r\n    \"flags\": \"meter-kbps\",\r\n    \"barrier\": false,\r\n    \"meter-band-headers\": {\r\n        \"meter-band-header\": [\r\n            {\r\n                \"band-id\": 1,\r\n                \"drop-rate\": 100,\r\n                \"drop-burst-size\": 0,\r\n                \"band-rate\": 100,\r\n                \"band-burst-size\": 0,\r\n                \"meter-band-types\": {\r\n                    \"flags\": \"ofpmbt-drop\"\r\n                }\r\n            },\r\n            {\r\n                \"band-id\": 2,\r\n                \"drop-rate\": 200,\r\n                \"drop-burst-size\": 0,\r\n                \"band-rate\": 150,\r\n                \"band-burst-size\": 0,\r\n                \"meter-band-types\": {\r\n                    \"flags\": \"ofpmbt-drop\"\r\n                }\r\n            }\r\n        ]\r\n    },\r\n    \"opendaylight-meter-statistics:meter-statistics\": {\r\n        \"packet-in-count\": 0,\r\n        \"flow-count\": 0,\r\n        \"meter-id\": 2,\r\n        \"byte-in-count\": 0,\r\n        \"meter-band-stats\": {\r\n            \"band-stat\": [\r\n                {\r\n                    \"band-id\": 1,\r\n                    \"packet-band-count\": 1758,\r\n                    \"byte-band-count\": 348000\r\n                },\r\n                {\r\n                    \"band-id\": 2,\r\n                    \"packet-band-count\": 0,\r\n                    \"byte-band-count\": 0\r\n                }\r\n            ]\r\n        },\r\n        \"duration\": {\r\n            \"nanosecond\": 364000000,\r\n            \"second\": 114\r\n        }\r\n    },\r\n    \r\n}",
					"options": {
						"raw": {
							"language": "json"
						}
					}
				},
				"url": {
					"raw": "http://localhost:8888/restconf/data/opendaylight-inventory:nodes/node=openflow%3A1/meter=1",
					"protocol": "http",
					"host": [
						"localhost"
					],
					"port": "8888",
					"path": [
						"restconf",
						"data",
						"opendaylight-inventory:nodes",
						"node=openflow%3A1",
						"meter=1"
					]
				}
			},
			"response": []
		}
	]
}