<?xml version="1.0" encoding="UTF-8"?>
<metadata modelVersion="1.1.0">
  <groupId>org.onap.aai.schema-service</groupId>
  <artifactId>aai-schema</artifactId>
  <version>1.8.7-SNAPSHOT</version>
  <versioning>
    <snapshot>
      <timestamp>20220902.103040</timestamp>
      <buildNumber>1</buildNumber>
    </snapshot>
    <lastUpdated>20220902103040</lastUpdated>
    <snapshotVersions>
      <snapshotVersion>
        <extension>jar</extension>
        <value>1.8.7-20220902.103040-1</value>
        <updated>20220902103040</updated>
      </snapshotVersion>
      <snapshotVersion>
        <extension>pom</extension>
        <value>1.8.7-20220902.103040-1</value>
        <updated>20220902103040</updated>
      </snapshotVersion>
    </snapshotVersions>
  </versioning>
</metadata>
