<?xml version="1.0" encoding="UTF-8"?>
<metadata modelVersion="1.1.0">
  <groupId>org.onap.so</groupId>
  <artifactId>noa-common</artifactId>
  <version>1.8.0-SNAPSHOT</version>
  <versioning>
    <snapshot>
      <timestamp>20220902.105139</timestamp>
      <buildNumber>1</buildNumber>
    </snapshot>
    <lastUpdated>20220902105139</lastUpdated>
    <snapshotVersions>
      <snapshotVersion>
        <extension>jar</extension>
        <value>1.8.0-20220902.105139-1</value>
        <updated>20220902105139</updated>
      </snapshotVersion>
      <snapshotVersion>
        <extension>pom</extension>
        <value>1.8.0-20220902.105139-1</value>
        <updated>20220902105139</updated>
      </snapshotVersion>
      <snapshotVersion>
        <classifier>tests</classifier>
        <extension>jar</extension>
        <value>1.8.0-20220902.105139-1</value>
        <updated>20220902105139</updated>
      </snapshotVersion>
    </snapshotVersions>
  </versioning>
</metadata>
