<?xml version="1.0" encoding="UTF-8"?>
<metadata modelVersion="1.1.0">
  <groupId>in.utl.noa.netconf.device.models</groupId>
  <artifactId>noa-altran-iss</artifactId>
  <version>13.2.2-SNAPSHOT</version>
  <versioning>
    <snapshot>
      <timestamp>20220902.084123</timestamp>
      <buildNumber>1</buildNumber>
    </snapshot>
    <lastUpdated>20220902084123</lastUpdated>
    <snapshotVersions>
      <snapshotVersion>
        <extension>jar</extension>
        <value>13.2.2-20220902.084123-1</value>
        <updated>20220902084123</updated>
      </snapshotVersion>
      <snapshotVersion>
        <extension>pom</extension>
        <value>13.2.2-20220902.084123-1</value>
        <updated>20220902084123</updated>
      </snapshotVersion>
    </snapshotVersions>
  </versioning>
</metadata>
